2022-23,Agroecology B.A.,https://catalog.ucsc.edu/en/2022-2023/General-Catalog/Academic-Units/Social-Sciences-Division/Environmental-Studies/Agroecology-BA
Planner: Agroecology B.A. Planner 1
1,"MATH 3 or
AM 3",SOCY/ANTH/ethics course,"ENVS 23 or
CHEM 1A"
1,ENVS 80F,ENVS 25,
1,,,
2,"ENVS 24 or
BIOE 20C",ENVS 100 & ENVS 100L*,Upper-division elective
2,STAT 7 & STAT 7L,,"ENVS 83 or
ENVS 184 or
ENVS 199F"
2,,,
3,ENVS 130A & ENVS 130L,ENVS 130B,"ENVS 130C or
ENVS 133"
3,,"ENVS 133 or
ENVS 135",
3,,,
4,Upper-division elective,Upper-division elective,Upper-division elective
4,,,Comprehensive requirement
Planner: Agroecology B.A. Planner 2
3,STAT 7 & STAT 7L,ENVS 100 & ENVS 100L*,"ENVS 130C or
ENVS 133"
3,ENVS 80F,ENVS 130B,Upper-division elective
3,"ENVS 83 or
ENVS 184 or
ENVS 199F",,
4,ENVS 130A & ENVS 130L,"ENVS 133 or
ENVS 135",ENVS 130C
4,Upper-division elective,Upper-division elective,Upper-division elective
2022-23,Anthropology B.A.,https://catalog.ucsc.edu/en/2022-2023/General-Catalog/Academic-Units/Social-Sciences-Division/Anthropology/Anthropology-BA
Planner: Anthropology B.A. Planner 1
1,ANTH 1,ANTH 2,ANTH 3
1,,,
1,,,
2,Bio/Med/Env,Sociocultural,Archaeology
2,,,
2,,,
3,Theory,Regional,Upper-division elective
3,,,Upper-division elective
3,,,
4,Upper-division elective,Upper-division elective,Senior Seminar*
Planner: Anthropology B.A. Planner 2
3,Theory,Regional,Archaeology
3,Upper-division elective,Sociocultural,Bio/Med/Env
3,,,
4,Upper-division elective,Upper-division elective,Senior Seminar*
2022-23,Applied Linguistics and Multilingualism B.A.,https://catalog.ucsc.edu/en/2022-2023/General-Catalog/Academic-Units/Humanities-Division/Languages-and-Applied-Linguistics/Applied-Linguistics-and-Multilingualism-BA
Planner: Applied Linguistics and Multilingualism B.A. Planner 1
1,Language 1,Language 2,Language 3
1,,,
1,,,
2,Language 4,Language 5,Language 6
2,,,
2,,,
3,APLX 80,APLX 101,LING 111 or LING 112
3,LING 50,LING 100 or 101,APLX elective
3,,,
4,Adv Language course,Adv Language course,APLX 190
4,APLX elective,APLX elective,Non-APLX elective
Planner: Applied Linguistics and Multilingualism B.A. Planner 2
1,APLX 80,APLX 101,LING 111 or LING 112
1,LING 50,LING 100 or 101,APLX elective
1,Language 4,Language 5,Language 6
2,Adv Language course,Adv Language course,APLX 190
2,APLX elective,APLX elective,Non-APLX elective
2022-23,Applied Mathematics B.S.,https://catalog.ucsc.edu/en/2022-2023/General-Catalog/Academic-Units/Baskin-Engineering/Applied-Mathematics/Applied-Mathematics-BS
Planner: Applied Mathematics B.S. Planner 1
1,MATH 19A,CSE 20,AM 20
1,AM 10,Lower div elective,CSE 16
1,,MATH 19B,
2,AM 30,,STAT 131
2,,Lower-div elective,
2,,,
3,AM 100,AM 170A,Upper-div elective
3,AM 114,AM 112,
3,Upper-div elective,,
4,AM 129,AM 147,AM 170B
Planner: Applied Mathematics B.S. Planner 2
1,MATH 2,MATH 3,MATH 19A
1,,Lower div elective,Lower div elective
1,,,
2,AM 10,AM 20,AM 30
2,MATH 19B,CSE 20,CSE 16
2,,,
3,AM 100,AM 112,
3,AM 114,STAT 131,Upper-div elective
3,Upper-div elective,,
4,AM 129,AM 147,AM 170B
2022-23,Applied Physics B.S.,https://catalog.ucsc.edu/en/2022-2023/General-Catalog/Academic-Units/Physical-and-Biological-Sciences-Division/Physics/Applied-Physics-BS
Planner: Applied Physics B.S. Planner 1
1,"MATH 19A
            or MATH 20A","MATH 19B
            or MATH 20B",MATH 23A
1,,,PHYS 5B & PHYS 5M
1,,PHYS 5A & PHYS 5L*,CHEM 1A or CHEM 1B
2,PHYS 5C & PHYS 5N,ASTR 119,PHYS 105
2,PHYS 5D,PHYS 116A,PHYS 116C
2,MATH 23B,,
3,PHYS 102,PHYS 110B,PHYS 134
3,PHYS 110A,PHYS 112,Elective
3,PHYS 133,,
4,Elective,PHYS 182**,Elective
4,,,
Planner: Applied Physics B.S. Planner 2
1,MATH 23B,PHYS 133,PHYS 105
1,PHYS 102,PHYS 116A,PHYS 116C
1,ASTR 119,Elective,
2,PHYS 110A,PHYS 110B,PHYS 134
2,CHEM 1A or CHEM 1B,PHYS 112,Elective
Planner: Applied Physics B.S. Planner 3
1,MATH 23B,PHYS 102,PHYS 105
1,PHYS 5D,Elective,PHYS 133
1,ASTR 119,PHYS 116A,PHYS 116C
2,PHYS 110A,PHYS 110B,Elective
2,CHEM 1A or CHEM 1B,PHYS 112,PHYS 182*
Planner: Applied Physics B.S. Planner 4
1,"MATH 19A
            or MATH 20A","MATH 19B
            or MATH 20B",MATH 23A
1,,,PHYS 5B & PHYS 5M
1,,PHYS 5A & PHYS 5L*,
2,PHYS 5C & PHYS 5N,,PHYS 105
2,PHYS 5D,CSE 20,PHYS 116C
2,MATH 23B,PHYS 116A,CSE 30
3,PHYS 102,PHYS 112,STAT 131
3,PHYS 110A,,
3,,,
4,PHYS 182**,PHYS 115,Elective
4,Elective,Elective,
Planner: Applied Physics B.S. Planner 5
1,MATH 23B,CSE 20,PHYS 105
1,PHYS 102,PHYS 116A,PHYS 116C
1,,,CSE 30
2,PHYS 110A,PHYS 115,STAT 131
2,PHYS 182*,PHYS 112,Elective
Planner: Applied Physics B.S. Planner 6
1,MATH 23B,PHYS 102,PHYS 105
1,PHYS 5D,CSE 20,CSE 30
1,,PHYS 116A,PHYS 116C
2,PHYS 110A,PHYS 115,Elective
2,PHYS 182*,PHYS 112,STAT 131
2022-23,Art & Design: Games + Playable Media B.A.,https://catalog.ucsc.edu/en/2022-2023/General-Catalog/Academic-Units/Arts-Division/Performance-Play-and-Design/Art-and-Design-Games-and-Playable-Media-BA
Planner: Art & Design: Games + Playable Media B.A. Planner 1
1,ARTG 80I,FILM 80V,"Lower-division
                        arts elective**",1st (frosh)
1,,1st (frosh),ARTG 80G,
1,,1st (frosh),,
1,,2nd (soph),HAVC elective,
2,2nd (soph),ARTG 120*,,2nd (soph)
2,,,,2nd (soph)
2,,,,3rd (junior)
3,Upper-division elective 3,,,3rd (junior)
3,Upper-division elective 4,,,3rd (junior)
3,,,,4th (senior)
4,ARTG 171,ARTG 172,,4th (senior)
4,Upper-division elective 6,,,4th (senior)
Planner: Art & Design: Games + Playable Media B.A. Planner 2
1,ARTG 80I,Upper-division elective 1,ARTG 120*,
1,HAVC Elective,FILM 80V,Upper-division elective 2,
1,ART 80G,,,
1,,,,
2,ARTG 170,ARTG 171,ARTG 172,
2,Upper-division elective 3,Upper-division elective 5,Upper-division elective 6,
2022-23,Art B.A.,https://catalog.ucsc.edu/en/2022-2023/General-Catalog/Academic-Units/Arts-Division/Art/Art-BA
Planner: Art B.A. Planner 1
1,ART 10E,ART 10D,ART 10F
1,,,
1,,,
2,ART 20 series,ART 20 series,ART 20 series
2,HAVC*,ART 80T,HAVC*
2,,,
3,UD studio,ART 190A,UD Studio
3,,UD studio,
3,,,
4,UD studio,UD studio,UD studio or ART 190B
4,UD studio,,
Planner: Art B.A. Planner 2
1,UD studio,ART 190A,UD studio
1,ART 10 Series†,ART 80T,HAVC*
1,,,
2,UD studio,UD studio,UD studio
2,HAVC*,UD studio,UD studio or ART 190B
2022-23,Biochemistry and Molecular Biology B.S.,https://catalog.ucsc.edu/en/2022-2023/General-Catalog/Academic-Units/Physical-and-Biological-Sciences-Division/Chemistry-and-Biochemistry/Biochemistry-and-Molecular-Biology-BS
Planner: Biochemistry and Molecular Biology B.S. Planner 1
1,"MATH 11A
            or MATH 19A","MATH 11B
            or MATH 19B",BIOL 20A
1,"CHEM 1B & CHEM 1M or  
CHEM 1A  or
CHEM 4A and CHEM 1M","CHEM 1A or
CHEM 1B & CHEM 1M or   
CHEM 4B & CHEM 1N","CHEM 1C & CHEM 1N
            (not required if CHEM 4 series completed)"
1,,,
2,BIOE 20B,PHYS 6A & PHYS 6L,PHYS 6B and PHYS 6M
2,CHEM 8A & CHEM 8L,CHEM 8B & CHEM 8M,BIOL 20L*
2,,,
3,BIOC 100A,BIOC 100B,BIOC 100C
3,PHYS 6C & PHYS 6N,BIOL 105,BIOL 101L**
3,,*MATH 22 (optional),
4,BIOL 110,BIOC 163A***,BIOC 163B***
Planner: Biochemistry and Molecular Biology B.S. Planner 2
1,BIOC 100A,BIOC 100B,BIOC 100C
1,PHYS 6A & PHYS 6L,BIOL 105,BIOL 101L
1,,PHYS 6B & PHYS 6M,PHYS 6C and PHYS 6N
2,BIOL 110,BIOC 163A,BIOC 163B
2,"STAT 5
            or STAT 7 & STAT 7L",BIOL 115,Senior Exit Lab
2022-23,Biology B.A.,https://catalog.ucsc.edu/en/2022-2023/General-Catalog/Academic-Units/Physical-and-Biological-Sciences-Division/Ecology-and-Evolutionary-Biology/Biology-BA
Planner: Biology B.A. Planner 1
1,BIOE 20C,CHEM 1A,CHEM 1B
1,,,STAT 5 or STAT 7 & STAT 7L
1,,,
2,BIOL 20A,BIOE 20B,BIOL 105
2,,PHYS 1,
2,,,
3,BIOE 109,BIOE 107,Anatomy/Physiology
3,Biology elective*,,
3,,,
4,Biology elective*,Biology elective*,Biology elective*
4,,,
Planner: Biology B.A. Planner 2
3,BIOL 105,BIOE 107,Anatomy/Physiology
3,,BIOE 109,STAT 5 or STAT 7 & STAT 7L
3,,,
4,Biology elective*,Biology elective*,Biology elective*
4,Biology elective*,PHYS 1,
2022-23,Biology B.S.,https://catalog.ucsc.edu/en/2022-2023/General-Catalog/Academic-Units/Physical-and-Biological-Sciences-Division/Molecular-Cell-and-Developmental-Biology/Biology-BS
Planner: Biology B.S. Planner 1
1,CHEM 1A,CHEM 1B,CHEM 1C & CHEM 1N
1,MATH 11A,MATH 11B,BIOL 20A
1,,,
2,BIOE 20B & BIOL 20L,BIOL 100,BIOL 101 & BIOL 101L
2,,CHEM 8B,
2,CHEM 8A & CHEM 8L,,BIOL 105
3,BIOL 110,BIOE 107,BIOE 109
3,BIOE 20C,PHYS 6A & PHYS 6L,PHYS 6B OR PHYS 6C
3,,,
4,,"STAT 5 OR
STAT 7 & STAT 7L",Laboratory
4,Upper-division elective,Upper-division elective,Upper-division elective
Planner: Biology B.S. Planner 2
3,BIOL 105,BIOL 100,BIOL 101 & BIOL 101L
3,BIOE 107,PHYS 6A & PHYS 6L,PHYS 6B or PHYS 6C
3,,,
4,BIOL 110,Upper-division elective,Upper-division elective
4,BIOE 109,Laboratory,Upper-division elective
2022-23,Biomolecular Engineering and Bioinformatics B.S.,https://catalog.ucsc.edu/en/2022-2023/General-Catalog/Academic-Units/Baskin-Engineering/Biomolecular-Engineering/Biomolecular-Engineering-and-Bioinformatics-BS
Planner: Biomolecular Engineering and Bioinformatics B.S. Planner 1
1,CHEM 1A,MATH 19B,AM 10
1,MATH 19A,CHEM 1B & CHEM 1M,CHEM 1C & CHEM 1N
1,,,BME 21L
2,BME 22L,BME 23L,BME 105
2,CHEM 8A,CHEM 8B,PHYS 5B & PHYS 5M
2,BIOL 20A,PHYS 5A & PHYS 5L,
2,,AM 20,
3,BIOC 100A,BIOC 100B,AM 115
3,BME 110,BME 160,BME 163
3,BME 185,STAT 131,
4,BME 129A,BME 129B,BME 129C
Planner: Biomolecular Engineering and Bioinformatics B.S. Planner 2
1,CHEM 1A,MATH 19B,BIOL 20A
1,MATH 19A,CHEM 1B & CHEM 1M,CHEM 1C & CHEM 1N
1,,,BME 21L
2,BME 22L,BME 23L,BME 105
2,BIOC 100A,BIOC 100B,PHYS 5B & PHYS 5M
2,BME 80G,PHYS 5A & PHYS 5L,
3,BME 185,AM 20,
3,BME 110,BME 160,BME 163
3,AM 10,,
4,BME 129A,BME 129B,BME 129C
4,STAT 131,STAT 132,Elective
Planner: Biomolecular Engineering and Bioinformatics B.S. Planner 3
1,BIOC 100A,BIOC 100B,BME 105
1,BME 80G,BME 110,BME 160
1,BME 185,AM 20,PHYS 5B & PHYS 5M
1,BME 22L,BME 23L,
2,BME 129A,BME 129B,BME 129C
2,STAT 131,STAT 132,BME 163
Planner: Biomolecular Engineering and Bioinformatics B.S. Planner 4
1,CHEM 1A,CHEM 1B & CHEM 1M,BIOL 20A
1,MATH 19A,MATH 19B,CHEM 1C & CHEM 1N
1,,,
2,CHEM 8A,CHEM 8B,BME 105
2,AM 10,CSE 16,BME 160
2,BME 80G,,AM 30
3,BIOC 100A,CSE 13S,BME 163
3,STAT 131,STAT 132,CSE 101
3,CSE 30,,CSE 182
4,BME 205,BME 230A,Elective
4,BME 110,CSE 185E,CSE 144
Planner: Biomolecular Engineering and Bioinformatics B.S. Planner 5
3,BIOC 100A,BME 110,BME 105
3,AM 10,BME 160,BME 163
3,STAT 131,STAT 132,CSE 30
4,BME 205,BME 230A,Elective
4,BME 80G,CSE 185E,CSE 182
2022-23,Biotechnology B.A.,https://catalog.ucsc.edu/en/2022-2023/General-Catalog/Academic-Units/Baskin-Engineering/Biomolecular-Engineering/Biotechnology-BA
Planner: Biotechnology B.A. Planner 1
1,BME 18,CHEM 1A,BIOL 20A
1,,BME 80H,
1,,,
2,STAT 7 & STAT 7L,BME 5,BME 105
2,,CSE 20,
2,,,
3,BME 130,BME 110,BME 160
3,BME 185,METX 100,
3,,,
4,BME 132*,BME 175,
4,,,
Planner: Biotechnology B.A. Planner 2
3,BME 130*,BME 5,BME 80H
3,BME 185,BME 160,BME 105
3,,,
4,BME 132*,BME 175,
4,BME 140*,BME 110,
2022-23,Business Management Economics B.A.,https://catalog.ucsc.edu/en/2022-2023/General-Catalog/Academic-Units/Social-Sciences-Division/Economics/Business-Management-Economics-BA
Planner: Business Management Economics B.A. Planner 1
1,MATH 3 or AM 3,ECON 1,ECON 2
1,,AM 11A/ECON 11A,AM 11B/ECON 11B
1,,,
2,ECON 100A,ECON 100B,ECON 113
2,ECON 10A,STAT 17 & STAT 17L,ECON 10B
2,,,
3,Econ elective,Business Management elective,Business Management elective
3,,Computer Course,
3,,,
4,Business Management elective,ECON 104 or ECON 197,Field Study (optional)
4,Computer course,"ECON 101, ECON 133 or ECON
            135 (Business Management elective)",
Planner: Business Management Economics B.A. Planner 2
3,AM 11B/ECON 11B,ECON 100A,ECON 100B
3,ECON elective,Computer course,Business Management elective
3,ECON 10A,ECON 10B,STAT 17 & STAT 17L
3,,,
4,ECON 113,Business Management elective,Field Study (optional)
4,Business Management elective,"ECON 101, ECON 133 or ECON
            135 (Business Management elective)",Computer Course
Planner: Business Management Economics B.A. Planner 3
1,MATH 3 or AM 3,ECON 1,ECON 2
1,Writing course,AM 11A/ECON 11A,AM 11B/ECON 11B
1,,,
2,ECON 100A,ECON 100B,ECON 113
2,ECON 10A,ECON 10B,ECON 110
2,,STAT 17 & STAT 17L,Computer Literacy course
3,ECON 111A,ECON 111B,ECON 111C
3,ECON elective,ECON 112,ECON 116
3,,Ethics course (optional)*,
4,ECON 117B,ECON 117A,
4,Field Study internship (optional),ECON 104 or ECON 197,Field Study (optional)
Planner: Business Management Economics B.A. Planner 4
3,AM 11B/ECON 11B,ECON 100A,ECON 100B
3,ECON 111A,ECON 111B,ECON 111C
3,Computer literacy course,Ethics course (optional)*,STAT 17 & STAT 17L
4,ECON 113,"ECON 101, ECON 133 or ECON 135",ECON 110
4,ECON 117B,ECON 117A,ECON 116
2022-23,Chemistry B.A.,https://catalog.ucsc.edu/en/2022-2023/General-Catalog/Academic-Units/Physical-and-Biological-Sciences-Division/Chemistry-and-Biochemistry/Chemistry-BA
Planner: Chemistry B.A. Planner 1
1,MATH 11A or MATH 19A,MATH 11B or MATH 19B,"CHEM 1C and CHEM 1N
            (not required if CHEM 4
            series completed)"
1,"CHEM 1A or
CHEM 1B & CHEM 1M or
CHEM 4A and CHEM 1M","CHEM 1B and CHEM 1M or
CHEM 1A or
CHEM 4B and CHEM 1N",
1,,,
2,CHEM 8A & CHEM 8L,CHEM 8B & CHEM 8M,CHEM 110 & CHEM 110L
2,PHYS 6A & PHYS 6L,MATH 22,PHYS 6B & PHYS 6M
2,,,
3,CHEM 163A,CHEM 163B,CHEM elective
3,PHYS 6C & PHYS 6N,CHEM 151A & CHEM 151L,
3,,,
4,"CHEM elective or 
CHEM 146A*",CHEM 164,"CHEM elective or 
CHEM 146B/CHEM 146C*"
4,,,
Planner: Chemistry B.A. Planner 2
1,CHEM 163A,CHEM 163B,CHEM 110 & CHEM 110L
1,PHYS 6C & PHYS 6N,CHEM 151A & CHEM 151L,
1,,,
2,"CHEM elective 
            or CHEM 146A*",CHEM 164,"CHEM elective or 
CHEM 146B/CHEM 146C*"
2,,,
2022-23,Chemistry B.S.,https://catalog.ucsc.edu/en/2022-2023/General-Catalog/Academic-Units/Physical-and-Biological-Sciences-Division/Chemistry-and-Biochemistry/Chemistry-BS
Planner: Chemistry B.S. Planner 1
1,MATH 11A or MATH 19A,MATH 11B or MATH 19B,"CHEM 1C & 1N
            (not required if CHEM 4 series completed)"
1,"CHEM 1A or
CHEM 1B & 1M or
CHEM 4A & 1M","CHEM 1B & 1M or
CHEM 1A or 
CHEM 4B & 1N",MATH 21
1,,,
2,CHEM 8A & CHEM 8L,CHEM 8B & CHEM 8M,CHEM 110 & CHEM 110L
2,PHYS 6A & PHYS 6L,MATH 22,PHYS 6B & PHYS 6M
2,,,
3,CHEM 163A,CHEM 163B,CHEM 163C
3,PHYS 6C & PHYS 6N,CHEM 151A & CHEM 151L,CHEM 103
3,,,
4,CHEM 146A*,CHEM 164,CHEM elective
4,CHEM elective,,CHEM 146B/CHEM 146C*
Planner: Chemistry B.S. Planner 2
1,CHEM 163A,CHEM 163B,CHEM 163C
1,PHYS 6C & PHYS 6N,CHEM 151A & CHEM 151L,1st (junior)
1,,CHEM 110 & CHEM 110L,1st (junior)
1,,,1st (junior)
1,,,2nd (senior)
2,CHEM 164,CHEM elective,2nd (senior)
2,MATH 21,CHEM 103,2nd (senior)
Planner: Chemistry B.S. Planner 3
1,MATH 11A or MATH 19A,MATH 11B or MATH 19B,BIOL 20A
1,"CHEM 1A or
CHEM 1B & 1M or
CHEM 4A & 1M","CHEM 1B & 1M or
CHEM 1A or
CHEM 4B & 1N","CHEM 1C & 1N
            (not required if CHEM 4 series completed)"
1,,,
2,CHEM 8A & CHEM 8L,CHEM 8B & CHEM 8M,CHEM 110 & CHEM 110L
2,BIOE 20B,MATH 22,MATH 21
2,,,
3,BIOC 100A,BIOC 100B,BIOC 100C
3,PHYS 6A & PHYS 6L,PHYS 6B & PHYS 6M,PHYS 6C & PHYS 6N
3,,,
4,CHEM 163A,CHEM 163B,CHEM 163C
4,,CHEM 151A & CHEM 151L,*BIOC 110L
Planner: Chemistry B.S. Planner 4
1,BIOC 100A,BIOC 100B,BIOC 100C
1,,,CHEM 110 & CHEM 110L
1,,,
1,Fall,Winter,Spring
2,CHEM 163A,CHEM 163B,CHEM 163C
2,,CHEM 151A & CHEM 151L,*BIOC 110L
2022-23,Classical Studies B.A.,https://catalog.ucsc.edu/en/2022-2023/General-Catalog/Academic-Units/Humanities-Division/History/Classical-Studies-BA
Planner: Classical Studies B.A. Planner 1
1,GREE 1 or LATN 1,GREE 2 or LATN 2,LIT 184A or LIT 186A
1,CLST lower-division survey,,
1,,,
2,LIT 184-series/LIT 186-series,LIT 184-series/LIT 186-series,Upper-division elective
2,,,
2,,,
3,Upper-division elective,Upper-division elective,Upper-division elective
3,,,
3,,,
4,Upper-division elective,Upper-division elective,CLST 197F (2 credits)
4,,,
Planner: Classical Studies B.A. Planner 2
1,GREE 1 or LATN 1,GREE 2 or LATN 2,LIT 184A or LIT 186A
1,CLST lower-division survey,Upper-division elective,Upper-division elective
1,Upper-division elective,,
2,LIT 184-series/LIT 186-series,LIT 184-series/LIT 186-series,Upper-division elective
2,Upper-division elective,Upper-division elective,CLST 197F (2 credits)
2022-23,Cognitive Science B.S.,https://catalog.ucsc.edu/en/2022-2023/General-Catalog/Academic-Units/Social-Sciences-Division/Psychology/Cognitive-Science-BS
Planner: Cognitive Science B.S. Planner 1
1,MATH 2,MATH 3,Calculus
1,PSYC 20,Programming,
1,,,
2,Interdisciplinary prerequisite,PSYC 2,PSYC 100
2,,Interdisciplinary prerequisite,
2,,,
3,Cognitive core,Cognitive core,Cognitive core
3,Interdisciplinary elective,Interdisciplinary elective (UD),Interdisciplinary elective
3,Cognitive elective,,
4,Interdisciplinary elective,Senior Seminar,Cognitive elective
Planner: Cognitive Science B.S. Planner 2
1,MATH 2,MATH 3,Calculus
1,PSYC 20,Programming,
1,,,
2,Interdisciplinary prerequisite,PSYC 2,PSYC 100
2,,Interdisciplinary prerequisite,Interdisciplinary prerequisite
2,,,
3,Cognitive core,Cognitive core,Cognitive core
3,Interdisciplinary prerequisite,Cognitive elective,
3,,,
4,Cognitive elective,Interdisciplinary elective (UD),Interdisciplinary elective
4,Senior Seminar,Interdisciplinary elective,
Planner: Cognitive Science B.S. Planner 3
3,PSYC 20,Cognitive core,Cognitive core
3,PSYC 100,Interdisciplinary elective,Interdisciplinary elective
3,,,
4,Cognitive elective,Cognitive core,Senior Seminar
2022-23,Community Studies B.A.,https://catalog.ucsc.edu/en/2022-2023/General-Catalog/Academic-Units/Social-Sciences-Division/Community-Studies/Community-Studies-BA
Planner: Community Studies B.A. Planner 1
1,CMMU 10,,,
1,,,,
1,,,,
2,Topical course 1,,Topical course 2,
2,,,,
2,,,,
3,Topical course 3,CMMU 101,CMMU 102,"CMMU 105
            (15 credits)"
3,,,DC REQ part 1,
3,,,,
4,"CMMU 105
            (15 credits)",CMMU 107,,
4,,DC REQ part 2,,
Planner: Community Studies B.A. Planner 2
3,CMMU 10,CMMU 101,CMMU 102,"CMMU 105
            (15 credits)"
3,Topical course 1,Topical course 2,DC REQ part 1,
3,,,Topical course 3,
4,"CMMU 105
            (15 credits)",CMMU 107,,
4,,DC REQ part 2,,
2022-23,Computer Engineering B.S.,https://catalog.ucsc.edu/en/2022-2023/General-Catalog/Academic-Units/Baskin-Engineering/Computer-Science-and-Engineering/Computer-Engineering-BS
Planner: Computer Engineering B.S. Planner 1
1,MATH 19A,MATH 19B,AM 30
1,CSE 30,PHYS 5A & PHYS 5L,CSE 12
1,,,
2,AM 10,AM 20,CSE 120
2,PHYS 5C & PHYS 5N,CSE 13S,CSE 101
2,CSE 16,,PHYS 5B & PHYS 5M
3,ECE 101 & ECE 101L,CSE 107,CSE 185E
3,Concentration course,CSE 100 &. 100L,CSE 121
3,,,Concentration course
4,Concentration course,Capstone course,Capstone course
4,ECE 103 & ECE 103L,Concentration course,Concentration course
Planner: Computer Engineering B.S. Planner 2
1,MATH 3,MATH 19A,MATH 19B
1,CSE 20,CSE 12,CSE 30
1,,,
2,PHYS 5A & PHYS 5L,PHYS 5C & PHYS 5N,PHYS 5B & PHYS 5M
2,CSE 13S,CSE 16,AM 30
2,AM 10,AM 20,CSE 101
3,ECE 101 & ECE 101L,CSE 107,CSE 185E
3,CSE 120,CSE 100 & CSE 100L,ECE 103 & ECE 103L
3,,Concentration course,Concentration course
4,,,
4,CSE 121,Capstone course,Concentration course
Planner: Computer Engineering B.S. Planner 3
3,ECE 101 & ECE 101L,CSE 107,CSE 120
3,CSE 185E,CSE 100 & CSE 100L,CSE 121
3,CSE 12,CSE 101,Concentration course
4,,,
4,ECE 103 & ECE 103L,Capstone course,Capstone course
2022-23,Computer Science B.A.,https://catalog.ucsc.edu/en/2022-2023/General-Catalog/Academic-Units/Baskin-Engineering/Computer-Science-and-Engineering/Computer-Science-BA
Planner: Computer Science B.A. Planner 1
1,CSE 30,CSE 12,CSE 16
1,MATH 19A,MATH 19B,
1,,,
2,CSE 13S,AM 10,CSE 101
2,,,
2,,,
3,Breadth course 1,Breadth course 2,Breadth course 3
3,Elective list 1,Elective list 2,
3,,,
4,DC elective,,"Elective list 3
            (capstone)"
4,,,
Planner: Computer Science B.A. Planner 2
1,CSE 20,CSE 30,CSE 12
1,MATH 3,MATH 19A,MATH 19B
1,,,
2,CSE 13S,AM 10,CSE 101
2,,CSE 16,
2,,,
3,Breadth course 1,Breadth course 2,Breadth course 3
3,Elective list 1,Elective list 2,
3,,,
4,DC elective,,"Elective list 3
            (capstone)"
4,,,
Planner: Computer Science B.A. Planner 3
1,CSE 12,CSE 101,Breadth list 1
1,AM 10 or MATH 21,,
2,Breadth list 2,Breadth list 3,DC elective
2,Elective list 1,Elective list 2,"Elective list 3
            (capstone)"
2022-23,Computer Science B.S.,https://catalog.ucsc.edu/en/2022-2023/General-Catalog/Academic-Units/Baskin-Engineering/Computer-Science-and-Engineering/Computer-Science-BS
Planner: Computer Science B.S. Planner 1
1,CSE 30,CSE 12,CSE 16
1,MATH 19A,MATH 19B,AM 10
1,,,
2,CSE 13S,CSE 101,CSE 120
2,AM 30,CSE 107,ECE 30
2,,,
3,CSE 130,CSE 102,CSE 103
3,Elective,Elective,
3,,,
4,Elective,CSE 114A,Capstone elective
4,DC elective,,
Planner: Computer Science B.S. Planner 2
1,CSE 20,CSE 30,CSE 12
1,MATH 3,MATH 19A,MATH 19B
1,,,
2,CSE 13S,,CSE 101
2,AM 10,CSE 16,AM 30
2,,,
3,CSE 102,CSE 103,CSE 120
3,Elective,CSE 107,ECE 30
3,,,
4,CSE 114A,CSE 130,Capstone elective
4,DC Elective,Elective,
Planner: Computer Science B.S. Planner 3
1,CSE 12,CSE 101,CSE 130
1,AM 30,CSE 120,CSE 114A
1,STAT 131,,
2,Elective,CSE 102,Elective
2,"CSE 185S
            (DC Elective)",Capstone elective,Elective
2022-23,Computer Science: Computer Game Design B.S.,https://catalog.ucsc.edu/en/2022-2023/General-Catalog/Academic-Units/Baskin-Engineering/Computational-Media/Computer-Science-Computer-Game-Design-BS
Planner: Computer Science: Computer Game Design B.S. Planner 1
1,CSE 20,College Writing Requirement,CSE 12
1,MATH 19A,MATH 19B or MATH 20B,CSE 16
1,College Core,CSE 30,CSE 80K
2,ARTG 80G,,ARTG 120
2,MATH 21 or AM 10,FILM 80V,CSE 120
2,ECE 13 or CSE 13S,CSE 101,CSE 111
3,CMPM 176,Game Engineering Elective,Game Engineering Elective
3,Game Engineering Elective,Game Engineering Elective,Game Engineering Elective
3,,,
3,,,
3,,,
4,CMPM 170,CMPM 171,CMPM 172
4,,,
Planner: Computer Science: Computer Game Design B.S. Planner 2
1,CSE 20,College Writing Requirement,CSE 12
1,MATH 3,CSE 30,MATH 19B
1,College Core,MATH 19A,CMPM 80K
2,ARTG 80G,FILM 80V,CMPM 120
2,ECE 13 or CSE 13S,MATH 21 or AM 10,ARTG 120
2,CSE 16,CSE 101,CSE 111
3,Game Engineering Elective,Game Engineering Elective,Game Engineering Elective
3,CMPM 176,Game Engineering Elective,Game Engineering Elective
3,,,
3,,,
4,CMPM 170,CMPM 171,CMPM 172
4,,,
Planner: Computer Science: Computer Game Design B.S. Planner 3
1,[OPEN]*,CMPM 80K,CSE 111
1,ARTG 80G,FILM 80V,CMPM 120
1,,CSE 101,ARTG 120
2,CMPM 170,CMPM 171,CMPM 172
2,CMPM 176,Game Engineering 2,Game Engineering 4
2022-23,Critical Race and Ethnic Studies B.A.,https://catalog.ucsc.edu/en/2022-2023/General-Catalog/Academic-Units/Humanities-Division/Critical-Race-and-Ethnic-Studies/Critical-Race-and-Ethnic-Studies-BA
Planner: Critical Race and Ethnic Studies B.A. Planner 1
1,,,
1,,,
1,,,
2,CRES 10,CRES 100,CRES 101
2,,,CRES elective
2,,,
3,CRES elective,CRES elective,CRES elective
3,,CRES elective,
3,,,
4,CRES elective,CRES 190,
4,,,
Planner: Critical Race and Ethnic Studies B.A. Planner 2
1,CRES 10,CRES 100,CRES 101
1,,CRES elective,CRES elective
1,,,
2,CRES elective,CRES elective,CRES 190
2,CRES elective,CRES elective,
2022-23,Earth Sciences B.S.,https://catalog.ucsc.edu/en/2022-2023/General-Catalog/Academic-Units/Physical-and-Biological-Sciences-Division/Earth-and-Planetary-Sciences/Earth-Sciences-BS
Planner: Earth Sciences B.S. Planner 1
1,CHEM 1A,MATH 11A or MATH 19A,"MATH 11B 
            or MATH 19B"
1,,CHEM 1B & CHEM 1M,CHEM 1C & CHEM 1N
1,,EART 20 & EART 20L,
2,EART 110A*,EART 110B & EART 110M*,PHYS 6B & PHYS 6M
2,MATH 23A or EART 111,PHYS 6A & PHYS 6L,
2,,,
3,EART elective,EART elective,EART 110C & EART 110N
3,,,EART elective
3,,,
4,EART elective,EART elective,"EART 189A*
            or senior thesis"
1,"(sr thesis only)
EART 199†","(sr thesis only)
EART 199†",(EART 195)†
Planner: Earth Sciences B.S. Planner 2
1,EART 111,PHYS 6A & PHYS 6L,PHYS 6B & PHYS 6M
1,EART 110A*,EART 110B & EART 110M,EART 110C & EART 110N
1,,,
2,EART elective,EART elective,EART elective
2,EART elective,EART elective,EART elective
Planner: Earth Sciences B.S. Planner 3
1,CHEM 1A,MATH 11A or MATH 19A,CHEM 1C & CHEM 1N
1,EART 5 & EART 5L,CHEM 1B & CHEM 1M,MATH 11B or MATH 19B
1,,,
2,EART 110A*,EART 110B & EART 110M,EART 109 & EART 109L
2,,PHYS 6A & PHYS 6L,PHYS 6B & PHYS 6M
2,,,
3,Upper-division elective,Geology  elective,EART 110C & EART 110N
3,,,EART 120 & EART 120L
3,,,
4,EART 150 & EART 150L,Upper-division elective,EART 189A*
4,,,
Planner: Earth Sciences B.S. Planner 4
1,Geology elective,PHYS 6A & PHYS 6L,PHYS 6B & PHYS 6M
1,EART 110A*,EART 110B & EART 110M,EART 109 & EART 109L
1,,,
2,EART 150 & EART 150L,Upper-division elective,EART 120 & EART 120L
2,,Upper-division elective,EART 110C & EART 110N
Planner: Earth Sciences B.S. Planner 5
1,MATH 19A,MATH 19B,CHEM 1C & CHEM 1N
1,CHEM 1A,CHEM 1B & CHEM 1M,
1,,EART 20 & EART 20L,
2,EART 110A*,EART 110B & EART 110M*,EART 110C & EART 110N
2,"MATH 23A or
EART 111",PHYS 6A & PHYS 6L,PHYS 6B & PHYS 6M
2,,,
3,EART 160,EART elective,EART elective
3,EART 119A,,
3,,,
4,"(Sr thesis only)
EART 199†","(Sr thesis only)
EART 199†","Sr thesis
            (EART 195)†
            or EART 189A*"
4,,EART 162,EART elective
Planner: Earth Sciences B.S. Planner 6
1,EART 160,PHYS 6A & PHYS 6L,PHYS 6B & PHYS 6M
1,EART 110A*,EART 110B & EART 110M*,EART 110C & EART 110N
1,,,
2,EART 111,EART 162,EART elective
2,EART 119A,EART elective,EART elective
Planner: Earth Sciences B.S. Planner 7
1,CHEM 1A,CHEM 1B & CHEM 1M,CHEM 1C & CHEM 1N
1,,MATH 11A or MATH 19A,MATH 11B or MATH 19B
1,,EART 20 & EART 20L,
2,EART 110A*,EART 110B & EART 110M*,EART 110C & EART 110N
2,BIOE 20C,PHYS 6A & PHYS 6L,PHYS 6B & PHYS 6M
2,,,
3,EART elective,OCEA 101,EART elective
3,MATH 23A or EART 111,EART elective,
3,,,
4,"(Sr thesis only)
EART 199†",EART elective,
4,,"(Sr thesis only)
EART 199†","Senior thesis
            (EART 195)†
            or EART 189A*"
Planner: Earth Sciences B.S. Planner 8
1,EART 111,PHYS 6A & PHYS 6L,PHYS 6B & PHYS 6M
1,EART 110A,EART 110B & EART 110M,EART 110C & EART 110N
1,,,
2,EART elective,EART elective,EART elective
2,EART elective,OCEA 101,"EART 189A*
            or senior thesis
            (EART 195)†"
Planner: Earth Sciences B.S. Planner 9
1,CHEM 1A,CHEM 1B & CHEM 1M,CHEM 1C & CHEM 1N
1,,MATH 11A or MATH 19A,MATH 11B or MATH 19B
1,,EART 20 & EART 20L,
2,EART 110A*,EART 110B & EART 110M*,EART 110C & EART 110N
2,MATH 23A or EART 111,PHYS 6A & PHYS 6L,PHYS 6B & PHYS 6M
2,,AM 10,
3,EART elective,OCEA 101,EART elective
3,EART 119A or EART 112,EART elective,
3,,EART 118 or EART 126 or EART 162,
4,EART 199† (Sr thesis only),EART 191C,"Senior thesis
            (EART 195)†"
1,,EART elective,
Planner: Earth Sciences B.S. Planner 10
1,MATH 23A or EART 111,,PHYS 6A & PHYS 6L,PHYS 6B & PHYS 6M
1,EART 110A,,EART 110B & EART 110M,EART 110C & EART 110N
1,EART 119A or EART 112,,EART 118 or EART 126 or EART 162,AM 10
2,EART elective,,EART elective,EART elective
2,EART elective,,"(Sr thesis only)
EART 199†","Senior thesis
            (EART 195)†"
2022-23,Anthropology Combined Major B.A.,https://catalog.ucsc.edu/en/2022-2023/General-Catalog/Academic-Units/Physical-and-Biological-Sciences-Division/Earth-and-Planetary-Sciences/Earth-SciencesAnthropology-Combined-Major-BA
Planner: Anthropology Combined Major B.A. Planner 1
1,ANTH 1,ANTH 2,ANTH 3
1,,,EART 10 & EART 10L
1,,,
2,MATH 11A or MATH 19A,MATH 11B or MATH 19B,"CHEM, PHYS or BIO"
2,ANTH elective,"CHEM, PHYS or BIO","CHEM, PHYS or BIO"
2,,,
3,EART 110A,EART elective,ANTH elective
3,"CHEM, PHYS or BIO","CHEM, PHYS or BIO",EART elective
3,,,
4,ANTH elective,EART elective,ANTH elective
4,Sr comp,Sr comp,Sr comp
Planner: Anthropology Combined Major B.A. Planner 2
1,ANTH 1,EART elective,EART elective
1,EART 5 & EART 5L,ANTH elective,ANTH elective
1,,,
2,ANTH elective,ANTH elective,"ANTH 194+
            or ANTH 196+
            or EART 189A*
            or sr thesis
            (EART 195)†"
2,EART 110A*,EART elective,
2022-23,Ecology and Evolution B.S.,https://catalog.ucsc.edu/en/2022-2023/General-Catalog/Academic-Units/Physical-and-Biological-Sciences-Division/Ecology-and-Evolutionary-Biology/Ecology-and-Evolution-BS
Planner: Ecology and Evolution B.S. Planner 1
1,BIOE 20C,MATH 11A or MATH 19A,MATH 11B or MATH 19B
1,,CHEM 1A,CHEM 1B
1,,,
2,BIOL 20A,BIOE 20B,STAT 7 & STAT 7L
2,CHEM 1C & CHEM 1N,PHYS 6A & PHYS 6L,PHYS 6B or PHYS 6C
2,,,
3,BIOL 105,Physiology core,BIOE 109
3,BIOE 107,*ECEV topical elective,Organismal core
3,,,
4,*ECEV topical elective,*ECEV topical elective,EEB general elective
4,,EEB general elective,EEB general elective
Planner: Ecology and Evolution B.S. Planner 2
3,BIOL 105,BIOE 107,BIOE 109
3,*ECEV topical elective,*ECEV topical elective,EEB general elective
3,STAT 7 & STAT 7L,,
4,Organismal core,*ECEV topical elective,Physiology core
4,EEB general elective,EEB general elective,
2022-23,Economics B.A.,https://catalog.ucsc.edu/en/2022-2023/General-Catalog/Academic-Units/Social-Sciences-Division/Economics/Economics-BA
Planner: Economics B.A. Planner 1
1,Course,Course,Course
1,MATH 3 or AM 3,ECON 1,ECON 2
1,,AM 11A/ECON 11A,AM 11B/ECON 11B
2,ECON 100A,ECON 100B,ECON 113
2,,STAT 17 & STAT 17L,
2,,,
3,ECON elective,ECON elective,ECON elective
3,,Field Study (Internship) optional,Field Study optional
3,,,
4,ECON elective,ECON 104 or ECON 197,ECON elective
4,,,
Planner: Economics B.A. Planner 2
3,AM 11B/ECON 11B,ECON 100A,ECON 100B
3,ECON elective,,ECON elective
3,,,STAT 17 & STAT 17L
4,ECON 113,ECON elective,Field Study optional
4,ECON elective,ECON 104 or ECON 197 (DC),ECON elective
2022-23,Mathematics Combined B.A.,https://catalog.ucsc.edu/en/2022-2023/General-Catalog/Academic-Units/Social-Sciences-Division/Economics/EconomicsMathematics-Combined-BA
Planner: Mathematics Combined B.A. Planner 1
1,Fall,Winter,Spring
1,MATH 19A,MATH 19B,ECON 2
1,,ECON 1,
1,,,
2,MATH 23A,ECON 100A,ECON 100B
2,MATH 21,MATH 23B,MATH 100
2,,,
3,MATH 105A,ECON 113,Econ elective
3,STAT 17 & STAT 17L,Math elective,Math elective
3,,,
4,Econ elective,Math elective,Field Study (optional)
4,,"ECON 104 or
ECON 197",
Planner: Mathematics Combined B.A. Planner 2
3,MATH 19B,MATH 22 or MATH 23A,MATH 23B*
3,MATH 21,MATH 100,Math elective
3,Econ elective,,
4,ECON 100A,ECON 113,ECON 100B
4,MATH 105A,Econ elective,Math elective
Planner: Mathematics Combined B.A. Planner 3
3,ECON 100A,ECON 100B,ECON 113
3,MATH 23B,MATH 21,MATH 100
3,,STAT 17 & STAT 17L,
4,MATH 105A,Econ elective,Econ elective
4,Math elective,"ECON 104 or
ECON 197",Math elective
2022-23,"Education, Democracy, and Justice B.A.",https://catalog.ucsc.edu/en/2022-2023/General-Catalog/Academic-Units/Social-Sciences-Division/Education/Education-Democracy-and-Justice-BA
"Planner: Education, Democracy, and Justice B.A. Planner 1"
1,EDUC 60,,EDUC 10
1,,,
1,,,
2,,,
2,,,
2,,,
3,EDUC 180,EDUC elective,EDUC elective
3,,EDUC elective,
3,,,
4,EDUC elective,EDUC elective,EDUC 190
4,EDUC elective,,
"Planner: Education, Democracy, and Justice B.A. Planner 2"
1,EDUC 10,,EDUC 60
1,,,
1,,,
2,,,
2,,,
2,,,
3,EDUC elective,EDUC 110,EDUC elective
3,EDUC elective,,
3,,,
4,EDUC elective,EDUC elective,EDUC 190
4,EDUC elective,,
"Planner: Education, Democracy, and Justice B.A. Planner 3"
3,EDUC 60*,EDUC 180,EDUC 10*
3,EDUC elective,,EDUC elective
3,,,
4,EDUC elective,EDUC elective,EDUC 190
4,EDUC elective,EDUC elective,
"Planner: Education, Democracy, and Justice B.A. Planner 4"
3,EDUC 10*,EDUC 110,EDUC 60*
3,EDUC elective,,EDUC elective
3,,,
4,EDUC elective,EDUC elective,EDUC 190
4,EDUC elective,EDUC elective,
2022-23,Electrical Engineering B.S.,https://catalog.ucsc.edu/en/2022-2023/General-Catalog/Academic-Units/Baskin-Engineering/Electrical-and-Computer-Engineering/Electrical-Engineering-BS
Planner: Electrical Engineering B.S. Planner 1
1,MATH 19A,MATH 19B,AM 10
1,CSE 12*,PHYS 5A & PHYS 5L,PHYS 5B & PHYS 5M
1,,ECE 80T,ECE 13
2,MATH 23A,ECE 101 & ECE 101L,MATH 23B
2,CSE 100 & CSE 100L,AM 20,ECE 103 & ECE 103L
2,PHYS 5C & PHYS 5N,,
3,STAT 131,Design elective,Upper-division elective
3,ECE 171 & ECE 171L,ECE 151,ECE 135 & ECE 135L
3,PHYS 5D,,
4,ECE 129A,ECE 129B,ECE 129C
4,ECE 102 & ECE 102L,Upper-division elective,Upper-division elective
Planner: Electrical Engineering B.S. Planner 2
1,ECE 101 & ECE 101L,ECE 171 & ECE 171L,ECE 103 & ECE 103L
1,CSE 100 & CSE 100L,STAT 131,Design elective
1,PHYS 5D or MATH 23B,ECE 13 or MATH 23B,
2,ECE 129A,ECE 129B,ECE 129C
2,ECE 102 & ECE 102L,ECE 151,ECE 135 & ECE 135L
2022-23,Environmental Sciences B.S.,https://catalog.ucsc.edu/en/2022-2023/General-Catalog/Academic-Units/Physical-and-Biological-Sciences-Division/Earth-and-Planetary-Sciences/Environmental-Sciences-BS
Planner: Environmental Sciences B.S. Planner 1
1,CHEM 1A,MATH 11A,MATH 11B
1,,CHEM 1C & CHEM 1N,
1,,EART 20 & EART 20L,
2,ESCI 30,ESCI 100A,ESCI 100B
2,PHYS 6A & PHYS 6L,PHYS 6B & PHYS 6M,"Upper-division
            elective"
2,,,
3,ESCI 160,ENVS 25,"Upper-division
            elective"
3,,"Upper-division
            elective",
3,,,
4,"Upper-division
            elective","Upper-division
            elective",ESCI 191 or ESCI 195*
4,,,
Planner: Environmental Sciences B.S. Planner 2
3,ESCI 30,ENVS 25,ESCI 100B
3,ESCI 160,ESCI 100A,EART 20 & EART 20L
3,,,
4,"Upper-division
            elective","Upper-division
            elective","ESCI 191 or
ESCI 195*"
4,"Upper-division
            elective","Upper-division
            elective","Upper-division
            elective"
2022-23,Environmental Studies B.A.,https://catalog.ucsc.edu/en/2022-2023/General-Catalog/Academic-Units/Social-Sciences-Division/Environmental-Studies/Environmental-Studies-BA
Planner: Environmental Studies B.A. Planner 1
1,MATH 3 or AM 3,"SOC/ANTH/PHIL
            course","ENVS 23 or
CHEM 1A"
1,,ENVS 25,
1,,,
2,ENVS 24 or BIOE 20C,ENVS 100 & ENVS 100L*,Upper-division ENVS
2,STAT 7 & STAT 7L,,
2,,,
3,"Upper-division ENVS
            (social science)","Upper-division ENVS
            (natural science)",Upper-division ENVS
3,,,
3,,,
4,Upper-division ENVS,Upper-division ENVS,Upper-division ENVS
4,,,"Comprehensive 
            requirement"
Planner: Environmental Studies B.A. Planner 2
3,STAT 7 & STAT 7L,ENVS 100 & ENVS 100L*,Upper-division ENVS
3,,Upper-division ENVS,"Upper-division ENVS
            (social science)"
3,,,
4,Upper-division ENVS,Upper-division ENVS,"Comprehensive
            requirement"
4,Upper-division ENVS,"Upper-division ENVS
            (natural science)",
Planner: Environmental Studies B.A. Planner 3
1,MATH 3 or AM 3,ENVS 25,ENVS 23 or CHEM 1A
1,,SOC/ANTH/PHIL course,
1,,,
2,ENVS 24 or BIOE 20C,ENVS 100 & ENVS 100L*,ENVS upper-division
2,STAT 7 & STAT 7L,,
2,,,
3,ENVS 115A & ENVS 115L,ENVS 115B,ENVS 115C
3,,,
3,,,
4,"ENVS upper-division
            (social science)","ENVS upper-division
            (natural science)",ENVS upper-division
4,,,"Comprehensive
            requirement"
Planner: Environmental Studies B.A. Planner 4
1,STAT 7 & STAT 7L,ENVS 100 & ENVS 100L*,ENVSupper-division
1,,"ENVS upper-division
            (social science)","ENVS upper-division
            (natural science)"
1,,,
2,ENVS 115A & ENVS 115L,ENVS 115B,ENVS 115C
2,,ENVS upper-division,"Comprehensive
            requirement"
Planner: Environmental Studies B.A. Planner 5
1,"MATH 3
            or AM 3",ENVS 25,"ENVS 23
            or CHEM 1A"
1,,SOC/ANTH/PHIL course,
1,,,
2,"ENVS 24
            or BIOE 20C",ENVS 100 & ENVS 100L*,"ENVS 147
            or ENVS 172"
2,STAT 7 & STAT 7L,,
2,,,
3,"ENVS 158
            or ENVS 173","ENVS upper-division
            (concentration elective)","ENVS upper-division
            (concentration elective)"
3,,,
3,,,
4,"ENVS upper-division
            (natural science)",ENVS upper-division,ENVS upper-division
4,,,"Comprehensive
            requirement"
Planner: Environmental Studies B.A. Planner 6
1,STAT 7 & STAT 7L,ENVS 100 & ENVS 100L*,"ENVS upper-division
            (concentration elective)"
1,,"ENVS 147
            or ENVS 172",
1,,,
2,"ENVS 158
            or ENVS 173","ENVS upper-division
            (concentration elective)",ENVS upper-division
2,"ENVS upper-division
            (natural science)",ENVS upper-division,"Comprehensive
            requirement"
Planner: Environmental Studies B.A. Planner 7
1,MATH 3 or AM 3,ENVS 25,ENVS 23 or CHEM 1A
1,,SOC/ANTH/PHIL course,
1,,,
2,ENVS 24 or BIOE 20C,ENVS 100 & ENVS 100L*,ENVS 140 or ENVS 150
2,STAT 7 & STAT 7L,,
2,,,
3,ENVS 120 or ENVS 160,"ENVS upper-division
            (concentration elective)","ENVS upper-division
            (concentration elective)"
3,,,
3,,,
4,ENVS upper-division,"ENVS upper-division
            (field course)",ENVS upper-division
4,,,"Comprehensive
            requirement"
Planner: Environmental Studies B.A. Planner 8
1,STAT 7 & STAT 7L,ENVS 100 & ENVS 100L*,ENVS 140 or ENVS 150
1,,,"ENVS upper-division
            (concentration elective)"
1,,,
2,ENVS 120 or ENVS 160,"ENVS upper-division
            (concentration elective)",ENVS upper-division
2,"ENVS upper-division
            (field course)",ENVS upper-division,"Comprehensive
            requirement"
2022-23,Biology Combined Major B.A.,https://catalog.ucsc.edu/en/2022-2023/General-Catalog/Academic-Units/Social-Sciences-Division/Environmental-Studies/Environmental-StudiesBiology-Combined-Major-BA
Planner: Biology Combined Major B.A. Planner 1
1,MATH 3 or AM 3,CHEM 1A,CHEM 1B
1,,ENVS 25,"SOCY/ANTH/PHIL
            course"
1,,,
2,BIOE 20C,ENVS 100 & ENVS 100L*,BIOE 20B
2,STAT 7 & STAT 7L,BIOL 20A,CHEM 1C & CHEM 1N
2,,,
3,BIOL 105,BIOE 109,Upper-division BIOE
3,Upper-division ENVS,PHYS 1,Upper-division ENVS
3,,,
4,Upper-division BIOE,Upper-division BIOE,"Comprehensive 
            requirement"
4,"Upper-division ENVS
            (social sciences)",,
Planner: Biology Combined Major B.A. Planner 2
3,STAT 7 & STAT 7L,ENVS 100 & ENVS 100L*,Upper-division ENVS
3,,BIOL 105,BIOE 109
3,,,
4,"Upper-division ENVS
            (social sciences)",Upper-division ENVS,Upper-division BIOE
4,Upper-division BIOE,Upper-division BIOE,"Comprehensive
            requirement"
2022-23,Earth Sciences Combined Major B.A.,https://catalog.ucsc.edu/en/2022-2023/General-Catalog/Academic-Units/Social-Sciences-Division/Environmental-Studies/Environmental-StudiesEarth-Sciences-Combined-Major-BA
Planner: Earth Sciences Combined Major B.A. Planner 1
1,MATH 3 or AM 3,ENVS 25,CHEM 1A
1,,EART 5 & EART 5L,"SOCY/ANTH/PHIL
            course"
1,,,
2,ENVS 24 or BIOE 20C,ENVS 100 & ENVS 100L*,CHEM 1B & CHEM 1M
2,STAT 7 & STAT 7L,MATH 11A,"PHYS 6A & PHYS 6L or
PHYS 5A & PHYS 5L"
2,,,
3,CHEM 1C & CHEM 1N,Upper-division ENVS,"PHYS 6B & PHYS 6M or
PHYS 5B & PHYS 5M"
3,MATH 11B,EART 110B & EART 110M,Upper-division ENVS
3,,,
4,Upper-division EART,Upper-division EART,Upper-division EART
4,"Upper-division ENVS
            (social sciences)",,"Comprehensive 
            requirement"
Planner: Earth Sciences Combined Major B.A. Planner 2
3,STAT 7 & STAT 7L,ENVS 100 & ENVS 100L*,Upper-division EART
3,MATH 11B,EART 110B & EART 110M,Upper-division ENVS
3,,,
4,Upper-division ENVS,"Upper-division ENVS
            (social sciences)","Comprehensive
            requirement"
4,Upper-division EART,Upper-division EART,
2022-23,Economics Combined Major B.A.,https://catalog.ucsc.edu/en/2022-2023/General-Catalog/Academic-Units/Social-Sciences-Division/Environmental-Studies/Environmental-StudiesEconomics-Combined-Major-BA
Planner: Economics Combined Major B.A. Planner 1
1,MATH 3 or AM 3,ENVS 25,ENVS 23 or CHEM 1A
1,,ECON 1,ECON 2
1,,,
2,ENVS 24 or BIOE 20C,"STAT 5 or
STAT 7 & STAT 7L","SOCY/ANTH/ethics
            course"
2,AM 11A/ECON 11A,AM 11B/ECON 11B,ECON 100A or ECON 100M
2,,,
3,ECON 113,ENVS 100 & ENVS 100L*,"Upper-division ENVS
            (natural science)"
3,,Upper-division ECON,Upper-division ECON
3,,,
4,Upper-division ENVS,Upper-division ENVS,"Comprehensive 
            requirement"
4,Upper-division ECON,,
Planner: Economics Combined Major B.A. Planner 2
3,ECON 100A or ECON 100M,ECON 113,"Upper-division ENVS
            (natural sciences)"
3,STAT 7 & STAT 7L,ENVS 100 & ENVS 100L,Upper-division ECON
3,,,
4,Upper-division ENVS,Upper-division ENVS,"Comprehensive
            requirement"
4,Upper-division ECON,Upper-division ECON,
2022-23,Feminist Studies B.A.,https://catalog.ucsc.edu/en/2022-2023/General-Catalog/Academic-Units/Humanities-Division/Feminist-Studies/Feminist-Studies-BA
Planner: Feminist Studies B.A. Planner 1
1,,,
1,,,
1,,,
2,FMST 1,FMST 100,FMST lower-division core
2,,,
2,,,
3,FMST elective,FMST elective,FMST elective
3,,FMST elective,
3,,,
4,FMST elective,"FMST 194 or
FMST 195",FMST elective
4,FMST elective,,
Planner: Feminist Studies B.A. Planner 2
3,FMST 1,FMST 100,FMST elective
3,FMST lower-division core,,FMST elective
3,FMST elective*,,
4,FMST elective,FMST elective,FMST 194 or 195
2022-23,Film and Digital Media B.A.,https://catalog.ucsc.edu/en/2022-2023/General-Catalog/Academic-Units/Arts-Division/Film-and-Digital-Media/Film-and-Digital-Media-BA
Planner: Film and Digital Media B.A. Planner 1
1,FILM 20A,"FILM 20B or FILM 20C or
FILM 20P","FILM 20B or FILM 20C or
FILM 20P"
1,,,
1,,,
2,"FILM 130 or FILM 132 or
            FILM 134 or FILM 136",FILM 120,"FILM 130 or FILM 132 or
            FILM 134 or FILM 136"
2,,,
2,,,
3,"FILM 130 or FILM 132 or
            FILM 134 or FILM 136",FILM upper-division elective,FILM upper-division elective
3,FILM upper-division elective,,
3,,,
4,"FILM upper-division elective 
            (diversity requirement)",FILM upper-division elective,"FILM 194 or FILM 196 or
            FILM 197"
4,,,
Planner: Film and Digital Media B.A. Planner 2
1,FILM 80,,FILM 20B
1,,,
1,,,
2,FILM 20A,FILM 20C,FILM 120
2,,,"FILM 130 or FILM 132 or
            FILM 134 or FILM 136"
2,,,
3,"FILM 130 or FILM 132 or
            FILM 134 or FILM 136","FILM 130 or FILM 132 or
            FILM 134 or FILM 136",FILM upper-division elective
3,FILM upper-division elective,FILM upper-division elective,
3,,,
4,"FILM upper-division elective 
            (diversity requirement)",FILM upper-division elective,"FILM 194 or FILM 196 or
            FILM 197"
4,,,
Planner: Film and Digital Media B.A. Planner 3
3,FILM 20A,FILM 20C,FILM 20B
3,"FILM 130 or FILM 132 or
            FILM 134 or FILM 136",FILM 120,"FILM 130 or FILM 132 or
            FILM 134 or FILM 136"
3,,"FILM 130 or FILM 132 or
            FILM 134 or FILM 136",
4,FILM upper-division elective,FILM upper-division elective,FILM upper-division elective
4,"FILM upper-division elective 
            (diversity requirement)",FILM upper-division elective,"FILM 194 or FILM 196 or
            FILM 197"
Planner: Film and Digital Media B.A. Planner 4
1,FILM 20A,FILM 20C,FILM 20B or FILM 20P
1,,,
1,,,
2,"FILM 130 or FILM 132 or
            FILM 134 or FILM 136",FILM 120,"FILM 130 or FILM 132 or
            FILM 134 or FILM 136"
2,,,FILM upper-division elective
2,,,
3,"FILM 170A or
FILM 170B","FILM 130 or FILM 132 or
            FILM 134 or FILM 136","FILM upper-division elective
            (diversity requirement)"
3,,,FILM upper-division production
3,,,
4,FILM upper-division production,FILM 199,"FILM 195 or
            FILM 196 or
FILM 197"
4,FILM 194,FILM upper-division production,
Planner: Film and Digital Media B.A. Planner 5
1,FILM 80,FILM 20B,FILM 20C
1,,,
1,,,
2,FILM 20A,FILM 120,"FILM 130 or FILM 132 or
            FILM 134 or FILM 136"
2,,"FILM 130 or FILM 132 or
            FILM 134 or FILM 136","FILM upper-division elective
            (diversity requirement)"
2,,,
3,"FILM 170A or
FILM 170B","FILM 130 or FILM 132 or
            FILM 134 or FILM 136",FILM upper-division elective
3,,,FILM upper-division production
3,,,
4,FILM upper-division production,FILM upper-division production,"FILM 195 or
            FILM 196 or
FILM 197"
4,FILM 194,FILM 199,
Planner: Film and Digital Media B.A. Planner 6
3,FILM 20A,FILM 20C,FILM 20B
3,"FILM 130 or FILM 132 or
            FILM 134 or FILM 136",FILM 120,"FILM 130 or FILM 132 or
            FILM 134 or FILM 136"
3,,"FILM 170A or
FILM 170B",FILM upper-division production
4,"FILM 130 or FILM 132 or
            FILM 134 or FILM 136",FILM upper-division elective,"FILM upper-division elective
            (diversity requirement)"
4,FILM upper-division production,FILM upper-division production,"FILM 195 or
            FILM 196 or
FILM 197"
2022-23,Global and Community Health B.A.,https://catalog.ucsc.edu/en/2022-2023/General-Catalog/Academic-Units/Social-Sciences-Division/Global-and-Community-Health/Global-and-Community-Health-BA
Planner: Global and Community Health B.A. Planner 1
1,GCH 1,Lower-Div GCH Competency 1,Lower-Div GCH Competency 3
1,,Lower-Div GCH Competency 2,Lower-Div GCH Competency 4
1,,,
2,"Social Analysis for
			GCH Req",Upper-Div GCH Area,Upper-Div GCH Area
2,,,
2,,,
3,Upper-Div GCH Area,Upper-Div GCH Area,Upper-Div GCH Area
3,,,
3,,,
4,CMMU 165,GCH 190 or GCH 199A,GCH 195
4,Upper-Div GCH Area,,
Planner: Global and Community Health B.A. Planner 2
3,GCH 1,Lower-Div GCH Competency 3,Upper-Div GCH Area
3,"Lower-Div GCH
			Competency 1",Lower-Div GCH Competency 4,Upper-Div GCH Area
3,"Lower-Div GCH
			Competency 2",Upper Div GCH Area,Upper-Div GCH Area
4,CMMU 165,GCH 190 or GCH 199A,GCH 195
4,"Social Analysis for
			GCH Req",Upper-Div GCH Area,
2022-23,Global and Community Health B.S.,https://catalog.ucsc.edu/en/2022-2023/General-Catalog/Academic-Units/Physical-and-Biological-Sciences-Division/Molecular-Cell-and-Developmental-Biology/Global-and-Community-Health-BS
Planner: Global and Community Health B.S. Planner 1
1,CHEM 1A,CHEM 1B & CHEM 1M,CHEM 1C & CHEM 1N
1,MATH 11A,MATH 11B,BIOL 20A
1,,,
2,BIOE 20B,BIOL 20L,BIOL 100
2,POLI 89,CHEM 8B & CHEM 8M,STAT 7 & STAT 7L
2,CHEM 8A & CHEM 8L,,METX 115
3,BIOL 105,BIOL101,BIOL110
3,SPAN 1,PHYS 6B,SPAN 3
3,PHYS 6A & PHYS 6L,SPAN 2,BIOL 113
4,BIOL 130 & BIOL 130L,4th (senior),BIOL 130 & BIOL 130L
4,BIOL 189,4th (senior),SPAN 4
4,GCH 190,4th (senior),PHYS 6C
Planner: Global and Community Health B.S. Planner 2
3,BIOL 105,BIOL 100,BIOL 101
3,POLI 89,PHYS 6B,METX115
3,PHYS 6A & PHYS 6L,"SPAN 1
STAT 7 & STAT 7L","SPAN 2
PHYS 6B"
4,BIOL 110,BIOL 130 & BIOL 130L,SPAN 5M
4,,SPAN 4,BIOL 189
Planner: Global and Community Health B.S. Planner 3
1,CHEM 1A,CHEM 1B & CHEM 1M,CHEM 1C & CHEM 1N
1,MATH 11A,MATH 11B,BIOL 20A
1,,,
2,BIOE 20B,METX 41,CHEM 8B & CHEM 8M
2,BIOL 20L,CHEM 8A & CHEM 8L,Lower-Division Breadth
2,POLI 89,,
3,NON-STEM Elective 1,CMMU 165,BIOL 113
3,BIOL 100,STEM Elective,METX 115
3,STAT 7 & STAT 7L,,GCH 195
4,,Non-STEM Elective 2,BIOL 189
4,GCH 190,,
4,,,
Planner: Global and Community Health B.S. Planner 4
3,BIOL 100,METX 41,METX 115
3,POLI 89,STAT 7 & STAT 7L,NON-STEM Elective 2
3,,NON-STEM Elective 1,BIOL 113
4,,,
4,STEM Elective,CMMU 165,BIOL 189
2022-23,Global Economics B.A.,https://catalog.ucsc.edu/en/2022-2023/General-Catalog/Academic-Units/Social-Sciences-Division/Economics/Global-Economics-BA
Planner: Global Economics B.A. Planner 1
1,MATH 3 or AM 3,ECON 1,ECON 2
1,Language,AM 11A/ECON 11A,AM 11B/ECON 11B
1,,Language,Language
2,ECON 100A,ECON 100B,ECON 113
2,Language,STAT 17 & STAT 17L,Language
2,,Language,
3,"Study abroad for at
            least one quarter.
            Students can apply up
            to two courses from
            study abroad toward
            major requirements.
            Could be upper-division
            ECON electives or
            Area Studies or
            a combination of both.",,
3,,,
3,,,
4,ECON elective,ECON 104 or ECON 197,ECON elective
4,ECON elective,ECON elective,Field Study (optional)
Planner: Global Economics B.A. Planner 2
3,AM 11B/ECON 11B,ECON 100A,ECON 100B,"Study abroad (or fall quarter senior year).
            Students can apply up to two courses from study abroad toward major requirements. Could be upper-division ECON electives or Area Studies or a combination of both."
4,ECON elective,Area Study,ECON elective,
4,STAT 17 & STAT 17L,,Area Study,
4,ECON 113,ECON elective,Field Study (optional),
4,ECON elective,ECON 104 or ECON 197,,
2022-23,History B.A.,https://catalog.ucsc.edu/en/2022-2023/General-Catalog/Academic-Units/Humanities-Division/History/History-BA
Planner: History B.A. Planner 1
1,"Lower-division survey, concentration",Lower-division breadth area No. 1,Lower-division breadth area No. 2
1,,,
1,,,
2,Lower-division concentration,HIS 100,Upper-division breadth area No. 1
2,,,
2,,,
3,Upper-division concentration,Upper-division breadth area No. 2,Upper-division concentration
3,,,
3,,,
4,Upper-division concentration,"Exit seminar, concentration",Upper-division elective (any)
4,,,
Planner: History B.A. Planner 2
1,"Lower-division survey, concentration",Lower-division breadth area No. 1,Lower-division breadth area No. 2
1,,,
1,,,
2,Lower-division concentration,HIS 100,Upper-division breadth area No. 1
2,,Upper-division concentration,Upper-division concentration
2,,,
3,Upper-division concentration,"Exit seminar, concentration",Upper-division breadth area No. 2
3,,,Upper-division elective (any)
Planner: History B.A. Planner 3
1,HIS 100,Lower-division concentration,Upper-division concentration
1,Upper-division concentration,Upper-division breadth area No. 1,Upper-division breadth area No. 2
1,,,
2,Upper-division concentration,"Exit seminar, concentration",Upper-division elective (any)
2,,,
Planner: History B.A. Planner 4
1,"Lower-division survey, concentration",Lower-division breadth area No. 1,Lower-division breadth area No. 2
1,Language 1,Language 2,Language 3
1,,,
2,Lower-division concentration,HIS 100,Upper-division breadth area No. 1
2,,,
2,,,
3,Upper-division concentration,Upper-division breadth area No. 2,Upper-division concentration
3,,Upper-division concentration,
3,,,
4,"Exit seminar, concentration",Research course,Research course
4,,Upper-division elective (any),Upper-division elective (any)
Planner: History B.A. Planner 5
1,HIS 100,Lower-division concentration,Upper-division concentration
1,Upper-division concentration,Upper-division breadth area No. 1,Upper-division breadth area No. 2
1,Language 1,Language 2,Language 3
2,Upper-division concentration,Research course,Research course
2,"Exit seminar, concentration",Upper-division elective (any),Upper-division elective (any)
2022-23,History of Art and Visual Culture B.A.,https://catalog.ucsc.edu/en/2022-2023/General-Catalog/Academic-Units/Arts-Division/History-of-Art-and-Visual-Culture/History-of-Art-and-Visual-Culture-BA
Planner: History of Art and Visual Culture B.A. Planner 1
1,HAVC LD regional requirement,HAVC LD regional requirement,HAVC LD regional requirement
1,,,
1,,,
2,HAVC LD regional requirement,HAVC 100A,HAVC UD regional requirement
2,,,
2,,,
3,HAVC UD regional requirement,HAVC UD (any region),HAVC UD (any region)
3,,,
3,,,
4,HAVC UD (any region),HAVC UD (any region),HAVC UD (any region)
4,HAVC seminar,,
Planner: History of Art and Visual Culture B.A. Planner 2
1,HAVC LD regional requirement,HAVC 100A,HAVC LD regional requirement
1,HAVC LD regional requirement,HAVC LD regional requirement,HAVC UD regional requirement
1,,,HAVC UD (any region)
2,HAVC UD regional requirement,HAVC UD (any region),HAVC UD (any region)
2,HAVC seminar,HAVC UD (any region),HAVC UD (any region)
Planner: History of Art and Visual Culture B.A. Planner 3
1,"HAVC LD
			regional
			requirement","HAVC LD
			regional
			requirement","HAVC LD
			regional
			requirement"
1,,,
1,,,
2,"HAVC LD
			regional
			requirement",HAVC 100A,"HAVC UD
			CHM course"
2,,,
2,,,
3,"HAVC UD
			regional
			requirement","HAVC UD
			regional
			requirement","HAVC UD
			CHM course"
3,,,
3,,,
4,"HAVC UD
			CHM course","HAVC UD
			CHM course","HAVC UD
			(any region)"
4,HAVC seminar,,
Planner: History of Art and Visual Culture B.A. Planner 4
1,"HAVC LD
			regional
			requirement",HAVC 100A,"HAVC LD
			regional
			requirement"
1,"HAVC LD
			regional
			requirement","HAVC LD
			regional
			requirement","HAVC UD
			regional
			requirement"
1,,,"HAVC UD
			CHM course"
2,"HAVC UD
			regional
			requirement","HAVC UD
			CHM course","HAVC UD
			CHM course"
2,"HAVC UD
			CHM course","HAVC UD
			(any region)",HAVC seminar
2022-23,Human Biology B.S. (Discontinued),https://catalog.ucsc.edu/en/2022-2023/General-Catalog/Academic-Units/Physical-and-Biological-Sciences-Division/Molecular-Cell-and-Developmental-Biology/Human-Biology-BS-Discontinued
Planner: Human Biology B.S. (Discontinued) Planner 1
1,CHEM 1A,CHEM 1B & CHEM 1M,CHEM 1C & CHEM 1N
1,MATH 11A,MATH 11B,BIOL 20A
1,,,
2,BIOE 20B,BIOL 100,BIOL 101
2,BIOL 20L,CHEM 8B & CHEM 8M,BIOL 105
2,CHEM 8A & CHEM 8L,,
3,BIOL 110,SPAN 2,
3,SPAN 1,PHYS 6A & PHYS 6L,SPAN 3
3,"STAT 5 or
STAT 7 & STAT 7L",,"PHYS 6B or
PHYS 6C"
4,Upper-division elective,BIOL 130 & BIOL 130L,BIOL 189
4,SPAN 4,SPAN 5M,BIOL 189W
Planner: Human Biology B.S. (Discontinued) Planner 2
3,BIOL 105,BIOL 100,BIOL 101
3,,PHYS 6A & PHYS 6L,"PHYS 6B or
PHYS 6C
SPAN 3"
3,SPAN 1,SPAN 2,
4,BIOL 110,BIOL 130 & BIOL 130L,Upper-division elective
4,Upper-division elective,SPAN 5M,BIOL 189
2022-23,Jewish Studies B.A.,https://catalog.ucsc.edu/en/2022-2023/General-Catalog/Academic-Units/Humanities-Division/History/Jewish-Studies-BA
Planner: Jewish Studies B.A. Planner 1
1,Language 1,Language 2,Language 3
1,"HIS 74 or HIS 74A or
HIS 74B or LIT 61J",,HIS 75 or HIS 76
1,,,
2,"Upper-division
            core course 1","Upper-division
            core course 2","Upper-division
            core course 3"
2,,,
2,,,
3,"Upper-division
            core course 4","Additional core or 
            elective 1 (classical requirement)",Upper-division additional core or elective 2
3,,,
3,,,
4,Upper division additional core or elective 3,Upper division additional core or elective 4,Exit seminar or thesis (DC)
4,,,
Planner: Jewish Studies B.A. Planner 2
1,Language 1,Language 2,Language 3
1,"HIS 74 or HIS 74A or
HIS 74B or LIT 61J","Upper-division
            core course",HIS 75 or HIS 76
1,,"Additional core or
            elective 1 (classical requirement)","Upper-division
            core course 2"
2,"Upper-division
            core course 3","Upper-division
            core course 4",Upper-division additional core or elective 4
2,Upper-division additional core or elective 2,Upper-division additional core or elective 3,Exit seminar or thesis (DC)
2022-23,Language Studies B.A.,https://catalog.ucsc.edu/en/2022-2023/General-Catalog/Academic-Units/Humanities-Division/Linguistics/Language-Studies-BA
Planner: Language Studies B.A. Planner 1
1,College 1,,WRIT 2
1,LING 50,,
1,,,
2,LING 53,LING 100,LING 101
2,Foreign language level 1,Foreign language level 2,Foreign language level 3
2,,,
3,Context 1XX upper-division elective,LING 111 or 112,Context 1XX upper-division elective
3,Foreign language level 4,Foreign language level 5,Foreign language level 6
3,,,
4,,,LING 1XX capstone course or LING 195 Senior Thesis
1,Context 1XX upper-division elective,"Context 1XX upper-division elective
or
            Foreign language 1XX upper-division language",LING 190 Senior Research*
Planner: Language Studies B.A. Planner 2
1,LING 50,LING 100,LING 101
1,LING 53,LING 111 or 112,Context 1XX upper-division elective
1,Foreign language level 4,Foreign language level 5,Foreign language level 6
2,Context 1XX upper-division elective,,LING 1XX capstone course or LING 195 Senior Thesis
1,,Context 1XX upper-division elective,LING 190 Senior Research*
1,Foreign language 1XX upper-division language,"Context 1XX upper-division elective
or
            Foreign language 1XX upper-division language",Context 1XX upper-division elective
1,,,
2022-23,Latin American and Latino Studies B.A.,https://catalog.ucsc.edu/en/2022-2023/General-Catalog/Academic-Units/Social-Sciences-Division/Latin-American-and-Latino-Studies/Latin-American-and-Latino-Studies-BA
Planner: Latin American and Latino Studies B.A. Planner 1
1,LALS 1*,,LALS lower-division elective
1,,,
1,,,
2,LALS 100*,LALS 100B,LALS 100A/LALS 100L
2,,,
2,,,
3,LALS upper-division elective,LALS upper-division elective,LALS 194/LALS 194L
3,LALS upper-division elective,LALS upper-division elective,
3,,,
4,"Possible study abroad, research, or additional major or minor",,
4,,,
Planner: Latin American and Latino Studies B.A. Planner 2
1,LALS 1*,LALS 100B,LALS 100A/LALS 100L
1,LALS 100*,LALS lower-division elective,LALS upper-division elective
1,,,
2,Possible study abroad / research,LALS upper-division elective,LALS 194/LALS 194L
2,,LALS upper-division elective,LALS upper-division elective
Planner: Latin American and Latino Studies B.A. Planner 3
1,LALS 1*,LALS lower-division elective,LALS lower-division elective
1,College Core Course,,
1,Language preparation if needed,Lang prep if needed,Lang prep if needed
2,LALS 100*,LALS 100B,LALS 100A/LALS 100L
2,,,
2,Lang prep if needed,Lang prep if needed,Lang prep if needed
3,LALS upper-division elective in target language,LALS upper-division elective,LALS upper-division elective
3,LALS upper-division elective,LALS upper-division elective,
3,,,
4,LALS upper-division elective in target language,,LALS 194/LALS 194L
4,Possible study abroad / research,,
Planner: Latin American and Latino Studies B.A. Planner 4
1,LALS 1*,LALS 100B,LALS 100A/LALS 100L
1,LALS 100*,LALS lower-division elective,LALS lower-division elective
1,Language preparation if needed,Lang prep if needed,Lang prep if needed
2,LALS upper-division elective in target language,LALS upper-division elective in target language,LALS 194/LALS 194L
2,LALS upper-division elective,LALS upper-division elective,LALS upper-division elective
2022-23,Politics Combined B.A.,https://catalog.ucsc.edu/en/2022-2023/General-Catalog/Academic-Units/Social-Sciences-Division/Latin-American-and-Latino-Studies/Latin-American-and-Latino-StudiesPolitics-Combined-BA
Planner: Politics Combined B.A. Planner 1
1,LALS 1 (ER),POLI lower-division elective,
1,,,
1,,,
2,LALS 100 (ER),LALS 100B,LALS 100A/LALS 100L
2,,,
2,,,
3,POLI upper-division core,POLI 140C,POLI upper-division core
3,LALS upper-division elective,POLI upper-division core,POLI upper-division elective
3,,,
4,Possible study abroad / research,,LALS 194/LALS 194L*
4,,,
Planner: Politics Combined B.A. Planner 2
1,LALS 1 (ER),LALS 100B,LALS 100A/LALS 100L
1,LALS 100 (ER),POLI 140C,POLI upper-division core
1,,,
2,POLI upper-division core,POLI upper-division core,POLI upper-division elective
2,LALS upper-division elective,,LALS 194*
2022-23,Sociology Combined B.A.,https://catalog.ucsc.edu/en/2022-2023/General-Catalog/Academic-Units/Social-Sciences-Division/Latin-American-and-Latino-Studies/Latin-American-and-Latino-StudiesSociology-Combined-BA
Planner: Sociology Combined B.A. Planner 1
1,LALS 1*,SOCY 10,SOCY 1
1,,,
1,,,
2,LALS 100*,LALS 100B,LALS 100A/LALS 100L
2,,,
2,,,
3,SOCY 105A,SOCY 105B,SOCY elective
3,LALS elective,SOCY elective,
3,,,
4,"Possible study abroad, research,
            or additional major or minor",,LALS 194/LALS 194L
4,,,
Planner: Sociology Combined B.A. Planner 2
1,LALS 1*,LALS 100B,LALS 100A/LALS 100L
1,LALS 100*,SOCY 105A,SOCY 105B
1,,,
2,SOCY elective,SOCY elective,LALS 194/LALS 194L
2,LALS elective,,
2022-23,Legal Studies B.A.,https://catalog.ucsc.edu/en/2022-2023/General-Catalog/Academic-Units/Social-Sciences-Division/Politics/Legal-Studies-BA
Planner: Legal Studies B.A. Planner 1
1,,LGST 10,Phil 9 or 22
1,,,
1,,,
2,LGST Core - Law & Society (LS),LGST Core - Theory (T),LGST  Core - Public Law & Institution (PLI)
2,,,POLI 160B/LGST 160B (Required)
2,,,
3,"LGST Core (LS, PLI or T)",POLI 111A/LGST 111A (Required),
3,"LGST Core (LS, PLI or T)","LGST Core (LS, PLI or T)",
3,,,
4,LGST 196 (Capstone),,
4,,,
Planner: Legal Studies B.A. Planner 2
1,LGST 10,PHIL 9*,POLI 160B/LGST-160B (required)
1,LGST  Core - Public Law & Institution (PLI),LGST Core - Theory (T),LGST Core - Law & Society (LS)
1,,,
2,"LGST Core (LS, PLI or T)",LGST 196 (Senior Capstone),"LGST Core (LS, PLI or T)"
1,"LGST Core (LS, PLI or T)",POLI 111A/LGST 111A (Required),
2022-23,Linguistics B.A.,https://catalog.ucsc.edu/en/2022-2023/General-Catalog/Academic-Units/Humanities-Division/Linguistics/Linguistics-BA
Planner: Linguistics B.A. Planner 1
1,College 1,,WRIT 2
1,LING 50,,
1,,,
2,LING 53,LING 100,LING 101
2,Foreign language level 1,Foreign language level 2,Foreign language level 3
2,,,
3,LING 111 or 112,LING 116 or LING 1XX elective,LING 113 or LING 1XX elective
3,,,LING 171
3,Foreign language level 4,Foreign language level 5,
4,LING 102 or LING 1XX elective,LING 1XX upper div elective,LING 190 Senior Research*
Planner: Linguistics B.A. Planner 2
3,LING 50,LING 111 or 112,LING 101
3,LING 53,LING 100,LING 171
3,Foreign language level 1,Foreign language level 2,Foreign language level 3
4,LING 102 or LING 1XX elective,LING 116 or LING 1XX elective,LING 113 or LING 1XX elective
4,LING 1XX upper-div elective,LING 1XX upper-div elective,LING 1XX capstone course or LING 195 Senior Thesis
2022-23,Literature B.A.,https://catalog.ucsc.edu/en/2022-2023/General-Catalog/Academic-Units/Humanities-Division/Literature/Literature-BA
Planner: Literature B.A. Planner 1
1,"LIT 60/LIT 61
            or LIT 80/LIT 81","LIT 60/LIT 61
            or LIT 80/LIT 81 (optional)",LIT 1
1,,,
1,,,
2,Upper-division LIT course,LIT 101,Upper-division LIT course
2,Language Level 1,Language Level 2,Language Level 3
2,,,
3,"Upper-division LIT course
            (global distribution
            requirement)",LIT 102,"Upper-division LIT course
            (poetry/poetics
            distribution requirement)"
3,,,"Upper-division LIT course
            (pre-1750 distribution
            requirement)"
3,,,
4,"Upper-division LIT course
            (pre-1750 distribution
            requirement)","LIT 190
            (senior seminar)",Upper-division LIT course
1,,,
Planner: Literature B.A. Planner 2
3,"Upper-division LIT course
            (pre-1750 distribution
            requirement)",LIT 102,LIT 101
3,"Upper-division LIT course
            (poetry distribution
            requirement)","Upper-division LIT course
            (global distribution
            requirement)","Upper-division LIT course
            (pre-1750 distribution
            requirement)"
3,,,
4,Upper-division LIT course,LIT 190 (senior seminar),Upper-division LIT course
1,Upper-division LIT course,,
Planner: Literature B.A. Planner 3
3,LIT 1,LIT 101,"Upper-division LIT course
            (poetry distribution
            requirement)"
3,"LIT 60/LIT 61
            or LIT 80/LIT 81","Upper-division LIT course
            (pre-1750 distribution
            requirement)","Upper division LIT course
            (global distribution
            requirement)"
3,Language Level 1,Language Level 2,Language Level 3
4,"Upper-division LIT course
            (pre-1750 distribution
            requirement)",LIT 102,LIT 190 (senior seminar)
1,Upper-division LIT course,Upper-division LIT course,Upper-division LIT course
Planner: Literature B.A. Planner 4
1,"LIT 60/LIT 61
            or LIT 80/LIT 81","LIT 60/LIT 61
            or LIT 80/LIT 81 (optional)",LIT 1
1,Language Level 1,Language Level 2,Language Level 3
1,,,
2,Upper-division LIT course (pre-1750 and poetry distribution requirements),LIT 101,Upper-division LIT course (global distribution requirement)
2,Language Level 4,Language Level 5,Language Level 6
2,,,
3,"Upper-division LIT
            Language course",LIT 102,"Upper-division LIT
            Language course
            (pre-1750 distribution requirement)"
3,,Upper-division LIT Language course,
3,,,
4,"Upper-division LIT
            Language course",Upper-division LIT Language course,LIT 190 (senior seminar)
1,,,
Planner: Literature B.A. Planner 5
3,"Upper-division LIT course
            (pre-1750 and poetry
            distribution requirements)",LIT 102,LIT 101
3,,Upper-division LIT course (global distribution requirement),Upper-division LIT Language course
3,Language Level 4,Language Level 5,Language Level 6
4,"Upper-division LIT
            Language course",Upper-division LIT Language course,"Upper-division LIT
            Language course"
4,"Upper-division LIT
            Language course
            (pre-1750 distribution requirement)",,LIT 190 (senior seminar)
Planner: Literature B.A. Planner 6
3,"Upper-division LIT
            Language course",LIT 102,LIT 101
3,,"Upper-division LIT
            Language course","Upper division LIT
            Language course"
3,,,
4,"Upper-division LIT
            Language course
            (pre-1750 distribution requirement)","Upper-division LIT
            Language course
            (poetry distribution requirement)","Upper-division LIT course
            (pre-1750 and global
            distribution requirements)"
4,Upper-division LIT course,LIT 190 (senior seminar),
Planner: Literature B.A. Planner 7
1,"LIT 60/LIT 61
            or LIT 80/LIT 81","LIT 60/LIT 61
            or LIT 80/LIT 81 (optional)",LIT 1
1,,,
1,,,
2,"Upper-division LIT course
            (pre-1750 distribution requirement)",LIT 101,Upper-division LIT course
2,,LIT 90 or LIT 90X,LIT 91A or LIT 91B*
2,Language Level 1,Language Level 2,Language Level 3
3,"Upper-division LIT course
            (global distribution requirement)",LIT 102,"LIT 179A, LIT 179B, or LIT 179C"
3,,,"Upper-division LIT course
            (pre-1750 and poetry
            distribution requirements)"
3,,,
4,"LIT 179A, LIT 179B,
            or LIT 179C","LIT 179A, LIT 179B,
            or LIT 179C","LIT 190V or LIT 190W
            (senior seminar)"
1,,,
Planner: Literature B.A. Planner 8
3,"Upper-division LIT course
            (pre-1750 and poetry distribution requirements)",LIT 102,LIT 101
3,Upper-division LIT course,"Upper-division LIT course
            (global distribution requirement)","LIT 179A, LIT 179B,
            or LIT 179C"
3,"LIT 90 or LIT 90X
            or LIT 91A or LIT 91B",,
4,"LIT 179A, LIT 179B,
            or LIT 179C","LIT 179A, LIT 179B,
            or LIT 179C","LIT 190V or LIT 190W
            (senior seminar)"
1,"Upper-division LIT course
            (pre-1750 distribution requirement)",,
Planner: Literature B.A. Planner 9
3,LIT 1,LIT 60/61 or LIT 80/81,LIT 101
3,LIT 90,LIT 91A or LIT 91B*,"LIT 179A, LIT 179B,
            or LIT 179C"
3,Language Level 1,Language Level 2,Language Level 3
4,"Upper-division LIT course
            (pre-1750 distribution requirement)",LIT 102,"Upper-division LIT course
            (global distribution requirement)"
4,Upper-division LIT course,"Upper-division LIT course
            (pre-1750 and poetry
            distribution requirements)","LIT 190V or LIT 190W
            (senior seminar)"
2022-23,Marine Biology B.S.,https://catalog.ucsc.edu/en/2022-2023/General-Catalog/Academic-Units/Physical-and-Biological-Sciences-Division/Ecology-and-Evolutionary-Biology/Marine-Biology-BS
Planner: Marine Biology B.S. Planner 1
1,BIOE 20C,MATH 11A or MATH 19A,MATH 11B or MATH 19B
1,,CHEM 1A,CHEM 1B
1,,,
2,BIOL 20A,BIOE 20B,BIOL 105
2,CHEM 1C & CHEM 1N,STAT 7 & STAT 7L,PHYS 6A & PHYS 6L
2,,,
3,BIOE 109,BIOE 107 or BIOE 108,EEB general elective
3,PHYS 6C,Marine core,*MABI topical elective
3,,,
4,BIOE 109,Marine environment core,EEB general elective
4,*MABI topical elective,*MABI topical elective,EEB general elective
Planner: Marine Biology B.S. Planner 2
3,BIOL 105,BIOE 107 or BIOE 108,BIOE 109
3,*MABI topical elective,*MABI topical elective,*MABI topical elective
3,STAT 7 & STAT 7L,,
4,Marine core,Marine environment core,EEB general elective
4,EEB general elective,EEB general elective,
2022-23,Mathematics B.A.,https://catalog.ucsc.edu/en/2022-2023/General-Catalog/Academic-Units/Physical-and-Biological-Sciences-Division/Mathematics/Mathematics-BA
Planner: Mathematics B.A. Planner 1
1,"MATH 19A
            or MATH 20A","MATH 19B
            or MATH 20B",MATH 23A
1,,,
1,,,
2,MATH 21,MATH 100,MATH 103A
2,MATH 23B,,
2,,,
3,MATH 24,MATH 110,MATH 128A
3,,,
3,,,
4,Elective,Elective,"MATH 194
            or MATH 195"
4,,,Elective
Planner: Mathematics B.A. Planner 2
1,MATH 3,MATH 19A,MATH 19B
1,,,
1,,,
2,MATH 21,MATH 23B,MATH 103A
2,MATH 23A,MATH 100,
2,,,
3,MATH 24,MATH 110,MATH 128A
3,,,
3,,,
4,Elective,Elective,"MATH 194
            or MATH 195"
4,,,Elective
Planner: Mathematics B.A. Planner 3
1,MATH 2,MATH 3,MATH 19A
1,,,
1,,,
2,MATH 19B,MATH 21,MATH 23B
2,,MATH 23A,MATH 100
2,,,
3,MATH 24,MATH 103A,MATH 128A
3,MATH 110,,
3,,,
4,Elective,Elective,"MATH 194
            or MATH 195"
4,,,Elective
Planner: Mathematics B.A. Planner 4
1,MATH 23B,MATH 110,MATH 103A
1,MATH 100,,MATH 128A
1,,,
2,MATH 24,Elective,"MATH 194
            or MATH 195"
2,Elective,,Elective
Planner: Mathematics B.A. Planner 5
1,"MATH 19A
            or MATH 20A","MATH 19B
            or MATH 20B",MATH 21
1,,,MATH 23A
1,,,
2,MATH 23B,MATH 110,Elective
2,MATH 100,,
2,,,
3,MATH 24,MATH 106,MATH 148
3,,,
3,,,
4,"MATH 111A
            or MATH 117","MATH 103A
            or MATH 105A","MATH 194
            or MATH 195"
4,,,Elective
Planner: Mathematics B.A. Planner 6
1,MATH 3,MATH 19A,MATH 19B
1,,,
1,,,
2,MATH 21,MATH 23B,Elective
2,MATH 23A,MATH 100,
2,,,
3,MATH 24,MATH 106,MATH 148
3,MATH 110,,
3,,,
4,"MATH 111A
            or MATH 117","MATH 103A
            or MATH 105A","MATH 194
            or MATH 195"
4,,,Elective
Planner: Mathematics B.A. Planner 7
1,MATH 2,MATH 3,MATH 19A
1,,,
1,,,
2,MATH 19B,MATH 21,MATH 23B
2,,MATH 23A,MATH 100
2,,,
3,MATH 24,MATH 106,Elective
3,MATH 110,,MATH 148 & MATH 148L
3,,,
4,"MATH 111A
            or MATH 117","MATH 103A
            or MATH 105A","MATH 194
            or MATH 195"
4,,,Elective
Planner: Mathematics B.A. Planner 8
1,MATH 23B,"MATH 103A
            or MATH 105A","MATH 145 & MATH 145L
            or MATH 148 & MATH 148L"
1,MATH 100,MATH 110,
1,,,
2,MATH 24,MATH 106,"MATH 194
            or MATH 195"
2,"MATH 111A 
            or MATH 117",Elective,Elective
2022-23,Mathematics B.S.,https://catalog.ucsc.edu/en/2022-2023/General-Catalog/Academic-Units/Physical-and-Biological-Sciences-Division/Mathematics/Mathematics-BS
Planner: Mathematics B.S. Planner 1
1,"MATH 19A
            or MATH 20A","MATH 19B
            or MATH 20B",MATH 21
1,,,MATH 23A
1,,,
2,MATH 23B,MATH 24,MATH 103A
2,,MATH 100,
2,,,
3,Elective,MATH 105A,Elective
3,,MATH 121A,
3,,,
4,MATH 117,MATH 111A,"MATH 194
            or MATH 195"
4,,,Elective
Planner: Mathematics B.S. Planner 2
1,MATH 3,MATH 19A,MATH 19B
1,,,
1,,,
2,MATH 21,MATH 23B,MATH 103A
2,MATH 23A,MATH 100,
2,,,
3,Math 24,Math 105A,Elective
3,Math 124,Elective,
3,,,
3,,,
4,MATH 117,MATH 111A,"MATH 194
            or MATH 195"
4,Elective,,
Planner: Mathematics B.S. Planner 3
1,MATH 2,MATH 3,MATH 19A
1,,,
1,,,
2,MATH 19B,MATH 21,MATH 23B
2,,MATH 23A,Math 100
2,,,
3,MATH 24,MATH 103A,Elective
3,Elective,,MATH 128A
3,,,
4,MATH 105A,MATH 111A,"MATH 194
            or MATH 195"
4,Elective,,Math 117
Planner: Mathematics B.S. Planner 4
1,MATH 23B,MATH 103A,MATH 128A
1,MATH 100,Elective,Elective
1,,,
2,MATH 24,MATH 105A,"MATH 194
            or MATH 195"
2022-23,Mathematics Education B.A.,https://catalog.ucsc.edu/en/2022-2023/General-Catalog/Academic-Units/Physical-and-Biological-Sciences-Division/Mathematics/Mathematics-Education-BA
Planner: Mathematics Education B.A. Planner 1
1,"MATH 19A
            or MATH 20A","MATH 19B
            or MATH 20B",STAT 5
1,,,MATH 23A
1,,,
2,MATH 21,MATH 100,MATH 128A
2,MATH 23B,,
2,,,
3,MATH 110,MATH 181,MATH 111T
3,EDUC 50B,EDUC 100B,
3,,,
4,STAT 131,"MATH 103A
            or MATH 105A",MATH 194
4,,,
Planner: Mathematics Education B.A. Planner 2
1,MATH 3,MATH 19A,STAT 5
1,,,MATH 19B
1,,,
2,MATH 21,MATH 23B,MATH 128A
2,MATH 23A,MATH 100,
2,,,
3,MATH 110,MATH 181,MATH 111T
3,EDUC 50B,EDUC 100B,
3,,,
4,STAT 131,"MATH 103A
            or MATH 105A",MATH 194
4,,,
Planner: Mathematics Education B.A. Planner 3
1,MATH 2,MATH 3,MATH 19A
1,,,STAT 5
1,,,
2,MATH 19B,MATH 21,MATH 23B
2,,MATH 23A,MATH 100
2,,,
3,MATH 110,MATH 181,MATH 111T
3,EDUC 50B,EDUC 100B,MATH 128A
3,,,
4,STAT 131,"MATH 103A
            or MATH 105A",MATH 194
4,,,
Planner: Mathematics Education B.A. Planner 4
1,MATH 23B,"MATH 103A
            or MATH 105A",MATH 128A
1,MATH 100,MATH 181,STAT 5
1,,,
2,MATH 110,STAT 131,MATH 194
2,EDUC 50B,EDUC 100B,MATH 111T
2022-23,"Molecular, Cell, and Developmental Biology B.S.",https://catalog.ucsc.edu/en/2022-2023/General-Catalog/Academic-Units/Physical-and-Biological-Sciences-Division/Molecular-Cell-and-Developmental-Biology/Molecular-Cell-and-Developmental-Biology-BS
"Planner: Molecular, Cell, and Developmental Biology B.S. Planner 1"
1,CHEM 1A,CHEM 1B,CHEM 1C & CHEM 1N
1,MATH 11A,MATH 11B,BIOL 20A
1,,,
2,BIOE 20B,BIOL 100,BIOL 101
2,BIOL 20L,CHEM 8B,BIOL 101L
2,CHEM 8A & CHEM 8L,,BIOL 105
3,BIOL 110,Upper-division elective,BIOL 104L
3,"STAT 5 or;
STAT 7 & STAT 7L",PHYS 6A & PHYS 6L,"PHYS 6B or
PHYS 6C"
3,,,
4,Upper-division elective,Lab,Upper-division elective
4,BIOE 20C,,
"Planner: Molecular, Cell, and Developmental Biology B.S. Planner 2"
3,BIOL 105,BIOL 100,BIOL 101
3,PHYS 6A & PHYS 6L,PHYS 6B or PHYS 6C,BIOL 101L
3,,,
4,BIOL 110,Upper-division elective,Upper-division elective
4,Upper-division elective,BIOL 104L,Lab
2022-23,Music B.A.,https://catalog.ucsc.edu/en/2022-2023/General-Catalog/Academic-Units/Arts-Division/Music/Music-BA
Planner: Music B.A. Planner 1
1,MUSC 16 (if necessary),MUSC 14 (if necessary),Module: Lower-div 3
1,Module: Lower-div 1,Module: Lower-div  2,
1,,,
2,MUSC 30A,MUSC 30B,
2,,,Module: Upper-div 1
2,Module: Ensemble 1,Module: Ensemble 1,Elective ensemble
3,MUSC 121,MUSC 120,Module: Upper-div 2
3,MUSC 101C (D.C.),Elective upper-div (D.C.),
3,Module: Ensemble 2,Module: Ensemble 2,Module: Ensemble 3
4,Elective upper-div (150),MUSC 120,MUSC 196A
4,,Module: Upper-div 3,
Planner: Music B.A. Planner 2
1,MUSC 16 (if necessary),MUSC 30B,
1,MUSC 30A,Module: Lower-div 2,Module: Lower-div 3
1,Module: Lower-div 1,Elective: Upper-div (D.C.),Module: Upper-div 1
1,Module: Ensemble 1,Module: Ensemble 1,Module: Ensemble 2
2,MUSC 121,MUSC 120,MUSC 120
2,MUSC 101C (D.C.),Module: Upper-div 2,MUSC 196A
2,Module: Upper-div 3,Elective: Upper-div (150),
2,Module: Ensemble 2,Module: Ensemble 3,Module: Ensemble 3
Planner: Music B.A. Planner 3
1,MUSC 16,MUSC 14,Module: Lower-div 1
1,Module: Ensemble 1,Module: Ensemble 1,Elective ensemble
1,,,
2,MUSC 30A,Module: Upper-div 1 (D.C. possible),Elective: Upper-div (D.C. poss.)
2,Module: Ensemble 2,Module: Lower-div 2,
2,,Module: Ensemble 2,Elective ensemble
3,Module: Lower-div 3,Module: Upper-div 2(D.C. poss.),Module: Upper-div 3 (D.C. poss.)
3,Elective: Upper-div (D.C. poss.),,
3,Module: Ensemble 3,Module: Ensemble 3,Elective ensemble
4,Research Foundations,Elective: Upper-div (D.C. poss.),Capstone: Upper-div (D.C. poss.)
4,,,Capstone: MUSC 195A or MUSC 196A
Planner: Music B.A. Planner 4
1,MUSC 16,MUSC 14 (if necessary),Module: Upper-div 1 (D.C. possible)
1,Module: Lower-div 1,Module: Lower-div 2,Module: Upper-div 2 (D.C. poss.)
1,Module: Ensemble 1,Module: Ensemble 1,Elective ensemble
1,Elective ensemble,Module: Ensemble 2,Module: Ensemble 2
2,MUSC 30A,Elective: Upper-div (D.C. poss.),Capstone: MUSC 195A/MUSC 196A
2,Module: Lower-div 3,Elective: Upper-div (D.C. poss.),Capstone: Upper-div (D.C. poss.)
2,Research Foundations,Module: Upper-div 3 (D.C. poss.),Elective: Upper-div (D.C. poss.)
Planner: Music B.A. Planner 5
1,"MUSC 11A
            (recommended)",MUSC 14,
1,,,
1,,,
2,"MUSC 30A* &
MUSC 60","MUSC 30B &
MUSC 60","MUSC 30C &
MUSC 60"
2,,MUSC 101A,MUSC 101B
2,Individual Lessons1,Individual Lessons,Individual Lessons
2,Ensemble2,Ensemble2,Ensemble2
3,MUSC 130*,MUSC 105,MUSC 150
3,MUSC 101C,,
3,Individual Lessons,Individual Lessons,Individual Lessons
3,Ensemble2,Ensemble2,Ensemble2
4,MUSC 121**,MUSC 120,MUSC 180
4,,,
Planner: Music B.A. Planner 6
1,"MUSC 30A* &
MUSC 60","MUSC 30B &
MUSC 60","MUSC 30C &
MUSC 60"
1,,MUSC 101A,MUSC 101B
1,Individual Lessons1,Individual Lessons1,Individual Lessons1
1,Ensemble2,Ensemble2,Ensemble2
2,MUSC 130*,MUSC 105,MUSC 150
2,MUSC 101C,MUSC 120,MUSC 180
2,MUSC 121,,
2,Individual Lessons1,Individual Lessons1,Individual Lessons1
2022-23,Music B.M.,https://catalog.ucsc.edu/en/2022-2023/General-Catalog/Academic-Units/Arts-Division/Music/Music-BM
Planner: Music B.M. Planner 1
1,"MUSC 11A
            (recommended)",MUSC 15,Language1
1,Individual Lessons2,Individual Lessons2,Individual Lessons2
1,Ensemble3,Ensemble3,Ensemble3
2,MUSC 30A*,MUSC 30B,MUSC 30C**
2,,MUSC 101A,MUSC 101B
2,Individual Lessons2,Individual Lessons2,Individual Lessons2
2,Ensemble3,Ensemble3,Ensemble3
3,MUSC 130**,MUSC 105,MUSC 150**
3,MUSC 101C,,
3,Individual Lessons2,Individual Lessons2,Individual Lessons2
3,Ensemble3,Ensemble3,Ensemble3
4,Language1,Language1,MUSC 180
4,Individual Lessons2,Individual Lessons2,MUSC 196B
Planner: Music B.M. Planner 2
1,MUSC 30A*,MUSC 30B,MUSC 30C**
1,Language1,MUSC 101A,MUSIC 101B
1,Individual Lessons2,Individual Lessons2,Individual Lessons2
1,Ensemble3,Ensemble3,Ensemble3
2,MUSC 130*,MUSC 105,MUSC 196B
2,MUSC 101C,MUSC 150,MUSC 180
2,Individual Lessons2,Individual Lessons2,Individual Lessons2
2022-23,Network and Digital Technology B.A.,https://catalog.ucsc.edu/en/2022-2023/General-Catalog/Academic-Units/Baskin-Engineering/Computer-Science-and-Engineering/Network-and-Digital-Technology-BA
Planner: Network and Digital Technology B.A. Planner 1
1,MATH 3,MATH 19A,MATH 19B
1,CSE 20,CSE 30,CSE 12
1,,,
2,CSE 16,AM 10,AM 20
2,PHYS 5A & PHYS 5L,PHYS 5C & 5N,ECE 13
2,,,
3,ECE 101 & ECE 101L,CSE 100 & CSE 100L,CSE 150
3,AM 30,,Elective
3,,,
4,CSE 185E,Elective,Capstone course
4,Elective,,
Planner: Network and Digital Technology B.A. Planner 2
1,,CSE 100 & CSE 100L,AM 30
1,ECE 101 & ECE 101L,CSE 30,ECE 13 or CSE 13S
1,CSE 12,,
2,CSE 185E,Elective,Capstone course
2,CSE 150,Elective,Elective
2022-23,Neuroscience B.S.,https://catalog.ucsc.edu/en/2022-2023/General-Catalog/Academic-Units/Physical-and-Biological-Sciences-Division/Molecular-Cell-and-Developmental-Biology/Neuroscience-BS
Planner: Neuroscience B.S. Planner 1
1,CHEM 1A,CHEM 1B,CHEM 1C & CHEM 1N
1,MATH 11A,MATH 11B,BIOL 20A
1,,,
2,BIOE 20B,BIOL 105,CHEM 8B
2,BIOL 20L,CHEM 8A & CHEM 8L,PHYS 6A & PHYS 6L
2,"STAT 5 or
STAT 7 & STAT 7L",,
3,BIOL 100,BIOL 101 & BIOL 101L,
3,PHYS 6C,BIOL 125,
3,,,
4,,BIOL 126,BIOL 129A or B
4,,BIOL 128,Upper-division elective
Planner: Neuroscience B.S. Planner 2
3,BIOL 100,BIOL 105,BIOL 101 & BIOL 101L
3,PHYS 6A & 6L,,PHYS 6C
3,,,
4,,BIOL 126,BIOL 129A or BIOL 129B
4,BIOL 125,BIOL 128,Upper-division elective
2022-23,Philosophy B.A.,https://catalog.ucsc.edu/en/2022-2023/General-Catalog/Academic-Units/Humanities-Division/Philosophy/Philosophy-BA
Planner: Philosophy B.A. Planner 1
1,PHIL 11,PHIL 9,PHIL 100C
1,,,
1,,,
2,PHIL 100A,PHIL 100B (elective),PHIL 1XX (M&E)
2,,,
2,,,
3,PHIL 1XX (Value),PHIL 1XX (elective),PHIL 1XX (M&E)
3,,,
3,,,
4,PHIL 1XX (elective),,PHIL 190
4,,,
Planner: Philosophy B.A. Planner 2
1,PHIL 11 or PHIL 22 (if needed),PHIL 100B,PHIL 100C
1,PHIL 9,,PHIL 1XX (M&E)
1,,,
2,PHIL 100A (elective),PHIL 1XX (elective),PHIL 1XX
2,PHIL 1XX (Value),PHIL 1XX (M&E),PHIL 190
2022-23,Physics (Astrophysics) B.S.,https://catalog.ucsc.edu/en/2022-2023/General-Catalog/Academic-Units/Physical-and-Biological-Sciences-Division/Physics/Physics-Astrophysics-BS
Planner: Physics (Astrophysics) B.S. Planner 1
1,"MATH 19A
            or MATH 20A","MATH 19B
            or MATH 20B",MATH 23A
1,,PHYS 5A & PHYS 5L*,PHYS 5B & PHYS 5M
1,,,
2,PHYS 5C & PHYS 5N,ASTR 119,PHYS 105
2,PHYS 5D,PHYS 116A,PHYS 116C
2,MATH 23B,,
3,PHYS 110A,PHYS 110B,PHYS 133
3,PHYS 102,PHYS 112,Elective
3,,,
4,PHYS 135,PHYS 182**,
4,PHYS 139A,Elective,Elective
Planner: Physics (Astrophysics) B.S. Planner 2
1,MATH 23B,,PHYS 105
1,PHYS 102,PHYS 116A,PHYS 116C
1,ASTR 119,PHYS 133,Elective
2,PHYS 110A,PHYS 110B,PHYS 182*
2,PHYS 139A,PHYS 112,Elective
2,PHYS 135,Elective,
Planner: Physics (Astrophysics) B.S. Planner 3
1,MATH 23B,PHYS 102,PHYS 105
1,PHYS 5D,PHYS 116A,PHYS 116C
1,ASTR 119,PHYS 133,Elective
2,PHYS 110A,PHYS 110B,ASTR 136 or PHYS 135
2,PHYS 139A,PHYS 112,PHYS 182*
2022-23,Physics B.S.,https://catalog.ucsc.edu/en/2022-2023/General-Catalog/Academic-Units/Physical-and-Biological-Sciences-Division/Physics/Physics-BS
Planner: Physics B.S. Planner 1
1,"MATH 19A
            (or MATH 20A)","MATH 19B
            (or MATH 20B)",MATH 23A
1,,PHYS 5A & PHYS 5L*,PHYS 5B & PHYS 5M
1,,,
2,PHYS 5C & PHYS 5N,ASTR 119,PHYS 105
2,PHYS 5D,PHYS 116A,PHYS 116C
2,MATH 23B,,
3,PHYS 102,PHYS 112,PHYS 133
3,PHYS 110A,PHYS 110B,
3,,,
4,PHYS 139A,PHYS 182**,Elective
4,Elective,PHYS 134,
Planner: Physics B.S. Planner 2
1,MATH 23B,PHYS 116A,PHYS 116C
1,ASTR 119,PHYS 133,PHYS 105
1,PHYS 102,,PHYS 134
2,PHYS 110A,PHYS 110B,Elective
2,PHYS 139A,PHYS 112,PHYS 182*
Planner: Physics B.S. Planner 3
1,MATH 23B,PHYS 133,PHYS 105
1,PHYS 5D,PHYS 102,Elective
1,ASTR 119,PHYS 116A,PHYS 116C
2,PHYS 110A,PHYS 110B,PHYS 134
2,PHYS 139A,PHYS 112,Elective
2022-23,Plant Sciences B.S.,https://catalog.ucsc.edu/en/2022-2023/General-Catalog/Academic-Units/Physical-and-Biological-Sciences-Division/Ecology-and-Evolutionary-Biology/Plant-Sciences-BS
Planner: Plant Sciences B.S. Planner 1
1,BIOE 20C,MATH 11A or MATH 19A,MATH 11B or MATH 19B
1,,CHEM 1A,CHEM 1B
1,,,
2,BIOL 20A,BIOE 20B,BIOL 105
2,CHEM 1C & CHEM 1N,STAT 7 & STAT 7L,PHYS 6A & PHYS 6L
2,,,
3,BIOE 109,BIOE 107,EEB general elective
3,PHYS 6C,*PLNT topical elective,Botany & lab
3,,,
4,EEB general elective,*PLNT topical elective,EEB general elective
4,Plant physiology,*PLNT topical elective,
Planner: Plant Sciences B.S. Planner 2
3,BIOL 105,BIOE 107,BIOE 109
3,*PLNT topical elective,*PLNT topical elective,*PLNT topical elective
3,STAT 7 & STAT 7L,,
4,EEB general elective,Botany & lab,EEB general elective
4,Plant physiology,EEB general elective,
2022-23,Politics B.A.,https://catalog.ucsc.edu/en/2022-2023/General-Catalog/Academic-Units/Social-Sciences-Division/Politics/Politics-BA
Planner: Politics B.A. Planner 1
1,POLI (Lower-division),POLI (Lower-division),
1,,,
1,,,
2,POLI (Upper-division elective),POLI (Upper-division elective),POLI (Upper-division core)
2,,,
2,,,
3,POLI (Upper-division core),POLI (Upper-division elective),POLI (Upper-division core)
3,POLI (Upper-division elective),POLI (Upper-division core),
3,,,
4,POLI 190 (Senior Seminar),,
1,,,
Planner: Politics B.A. Planner 2
1,POLI (Lower-division)*,POLI (Upper-division elective),POLI (Upper-division elective)
1,POLI (Lower-division),POLI (Upper-division core),POLI (Upper-division core)
1,POLI (Upper-division elective),,
2,POLI (Upper-division core),POLI 190 (Senior Seminar),
1,POLI (Upper-division elective),POLI (Upper-division core),
2022-23,Psychology B.A.,https://catalog.ucsc.edu/en/2022-2023/General-Catalog/Academic-Units/Social-Sciences-Division/Psychology/Psychology-BA
Planner: Psychology B.A. Planner 1
1,PSYC 1,AM 3,PSYC 2
1,,,
1,,,
2,PSYC 20,PSYC 10,2nd (soph)
2,,2nd (soph),
2,,2nd (soph),
2,,3rd (junior),PSYC 100
3,"upper-division
            social",3rd (junior),
3,,3rd (junior),
3,,4th (senior),"upper-division
            cognitive"
4,"upper-division
            PSYC elective",4th (senior),"upper-division
            PSYC elective"
4,,4th (senior),
Planner: Psychology B.A. Planner 2
1,MATH 2,AM 3,PSYC 1
1,,,
1,,,
2,PSYC 20,PSYC 2,PSYC 10
2,,,
2,,,
3,PSYC 100,"upper-division
            cognitive","upper-division
            developmental"
3,,,
3,,,
4,"upper-division
            social","out of dept.
            course","upper-division
            PSYC elective"
4,"upper-division
            PSYC elective
            (seminar)","upper-division
            PSYC elective",
Planner: Psychology B.A. Planner 3
3,PSYC 100,PSYC 20,"upper-division
            developmental"
3,PSYC 10,"upper-division
            social",
3,,,
4,"upper-division
            cognitive","out of dept.
            course","upper-division
            PSYC elective
            (seminar)"
4,"upper-division
            PSYC elective","upper-division
            PSYC elective",
Planner: Psychology B.A. Planner 4
1,AM 3,PSYC 1,PSYC 2
1,,,
1,,,
2,PSYC 20,PSYC 10,PSYC 100
2,,,
2,,,
3,"Upper-division 
            cognitive","Upper-division
            developmental","Upper-division
            social"
3,,,"Out of
            department
            course"
3,,,
4,"PSYC 193/
            PSYC 194/
            PSYC 195","PSYC 193/
            PSYC 194/
            PSYC 195","Upper-division
            PSYC elective"
4,"Upper-division
            PSYC elective","PSYC 181/
PSYC 182","Upper-division
            PSYC elective
            (seminar)"
Planner: Psychology B.A. Planner 5
1,MATH 2,PSYC 1,PSYC 20
1,,,
1,,,
2,AM 3,PSYC 2,PSYC 10
2,,,
2,,,
3,PSYC 100,"Upper-division
            cognitive","Upper-division
            developmental"
3,,"Out of
            department
            course",
3,,,
4,"PSYC 193/
            PSYC 194/
            PSYC 195","PSYC 193/
            PSYC 194/
            PSYC 195","Upper-division
            PSYC elective"
4,"Upper-division
            PSYC elective","PSYC 181/
PSYC 182","Upper-division
            PSYC elective
            (seminar)"
Planner: Psychology B.A. Planner 6
3,PSYC 100,"Upper-division
            developmental","Upper-division
            social"
3,PSYC 10,"Out of
            department 
            course",PSYC 20
3,,,
4,"PSYC 193/
            PSYC 194/
            PSYC 195","PSYC 193/
            PSYC 194/
            PSYC 195","Upper-division
            PSYC elective
            (seminar)"
4,"Upper-division
            PSYC elective","PSYC 181/
PSYC 182","Upper-division
            PSYC elective"
2022-23,Robotics Engineering B.S.,https://catalog.ucsc.edu/en/2022-2023/General-Catalog/Academic-Units/Baskin-Engineering/Electrical-and-Computer-Engineering/Robotics-Engineering-BS
Planner: Robotics Engineering B.S. Planner 1
1,MATH 19A,MATH 19B,AM 10
1,CSE 20,PHYS 5A & PHYS 5L,CSE 16
1,,CSE 12,ECE 13
2,AM 30 or MATH 23A,ECE 9,ECE 10
2,PHYS 5C & PHYS 5N,AM 20,CSE 30
2,ECE 8 (recommended),ECE 101 & ECE 101L,CSE 107
3,,ECE 121,Upper-division elective
3,ECE 103 & ECE 103L,,ECE 118
3,CSE 100 & CSE 100L,CSE 101,
4,ECE 129A,ECE 129B,ECE 129C
4,ECE 141,Advanced robotics elective,ECE 167
Planner: Robotics Engineering B.S. Planner 2
3,ECE 101 & 101L,ECE 121,ECE 118
3,CSE 101,ECE 9,ECE 10
3,CSE 100 & CSE 100L,CSE 107,ECE 103 & ECE 103L
4,ECE 129A,ECE 129B,ECE 129C
4,ECE 141,Advanced robotics elective,ECE 167
2022-23,Science Education B.S.,https://catalog.ucsc.edu/en/2022-2023/General-Catalog/Academic-Units/Physical-and-Biological-Sciences-Division/Physics/Science-Education-BS
Planner: Science Education B.S. Planner 1
1,MATH 11A#,MATH 11B,STAT 5
1,CHEM 1A,CHEM 1B & CHEM 1M,CHEM 1C & CHEM 1N
1,,,
2,PHYS 6A & PHYS 6L#,PHYS 6B & PHYS 6M,PHYS 6C & PHYS 6N
2,BIOL 20A,BIOE 20B,BIOE 20C
2,EART 5 & EART 5L,EDUC 50C**,EDUC 100C
3,ASTR 2,MATH 22*,EDUC 185C
3,EART 110A,EDUC diversity course,Field A course
3,Field A course,Field A course,
4,Field B course,Field B course,Field B course
4,,,EDUC 185L
Planner: Science Education B.S. Planner 2
1,EART 5 & EART 5L,EDUC 50C**,EDUC 100C
1,ASTR 2,MATH 22*,Field A course
1,Field A course,Field A course,EDUC 185C
2,Breadth course 1,Breadth course 2,Breadth course 3
2,EART 110A,EDUC diversity course,EDUC 185L
2022-23,Sociology B.A.,https://catalog.ucsc.edu/en/2022-2023/General-Catalog/Academic-Units/Social-Sciences-Division/Sociology/Sociology-BA
Planner: Sociology B.A. Planner 1
1,SOCY 1,SOCY 10,
1,,,
1,,,
2,SOCY 3A,SOCY 3B,
2,,,
2,,,
3,SOCY 105A,SOCY 105B,SOCY upper-division elective
3,SOCY upper-division elective,SOCY upper-division elective,
3,,,
4,SOCY upper-division elective,SOCY upper-division elective,"SOCY 196S or SOCY graduate course (or in fall or winter)
            (or thesis fall-winter-spring)"
4,,,
Planner: Sociology B.A. Planner 2
1,,,SOCY 1
1,,,
1,,,
2,SOCY 15,,
2,,,
2,,,
3,SOCY 3A,SOCY 3B,SOCY upper-division elective
3,SOCY upper-division elective,SOCY upper-division elective,
3,,,
4,SOCY 105A,SOCY 105B,"SOCY 196S or SOCY graduate course (or in fall or winter)
            (or thesis fall-winter-spring)"
4,SOCY upper-division elective,SOCY upper-division elective,
Planner: Sociology B.A. Planner 3
1,SOCY 3A*,SOCY 3B*,SOCY 105B
1,SOCY upper-division elective,SOCY 105A,SOCY upper-division elective
1,,,
2,SOCY upper-division elective,SOCY upper-division elective,"SOCY 196S or SOCY graduate course (or in fall or winter)
            (or thesis fall-winter-spring)"
2,SOCY upper-division elective,,
Planner: Sociology B.A. Planner 4
1,SOCY 3A*,SOCY 3B*,SOCY upper-division elective
1,SOCY 105A,SOCY 105B,SOCY upper-division elective
1,,,
2,SOCY upper-division elective,SOCY upper-division elective,"SOCY 196S (or in fall or winter)
            (or thesis fall-winter-spring)"
2,SOCY upper-division elective,,
Planner: Sociology B.A. Planner 5
1,SOCY 1,SOCY 10,
1,,,
1,,,
2,SOCY 3A,SOCY 3B,SOCY 107B
2,SOCY 30A,SOCY 107A,
2,,,
3,SOCY 105A,SOCY 105B,Upper-division elective
3,SOCY 196G,Upper-division elective,Upper-division elective
3,,,
4,Upper-division elective,Upper-division elective,"SOCY 196S or SOCY Graduate Course (or in fall or winter)
            (or thesis fall-winter-spring)"
4,,,
Planner: Sociology B.A. Planner 6
1,,,SOCY 1
1,,,
1,,,
2,SOCY 15,SOCY 3B,
2,SOCY 3A,,
2,,,
3,SOCY 30A,SOCY 107A,SOCY 107B
3,Upper-division elective,Upper-division elective,Upper-division elective
3,,,
4,SOCY 105A,SOCY 105B,"SOCY 196S or SOCY Graduate Course (or in fall or winter)
            (or thesis fall-winter-spring)"
4,SOCY 196G,Upper-division elective,Upper-division elective
Planner: Sociology B.A. Planner 7
1,SOCY 3A*,SOCY 3B*,SOCY 107B
1,SOCY 30A,SOCY 107A,SOCY 105B
1,Upper-division elective,SOCY 105A,
2,Upper-division elective,Upper-division elective,"SOCY 196S or SOCY Graduate Course (or in fall or winter)
            (or thesis fall-winter-spring)"
2,SOCY 196G,Upper-division elective,Upper-division elective
2022-23,Spanish Studies B.A.,https://catalog.ucsc.edu/en/2022-2023/General-Catalog/Academic-Units/Humanities-Division/Languages-and-Applied-Linguistics/Spanish-Studies-BA
Planner: Spanish Studies B.A. Planner 1
1,SPAN 1,SPAN 2,SPAN 3
1,,,
1,,,
2,SPAN 4,SPAN 5,SPAN 6
2,LING 50,HIS 12,
2,,,
3,SPAN 105/LIT 189C,SPAN 150,LIT 189A or 189B
3,SPAN 114 or SPHS 115,Elective,
3,,,
4,Concentration 1,Concentration 3,
4,Concentration 2,Capstone*,
Planner: Spanish Studies B.A. Planner 2
1,SPHS 4,SPHS 5,SPHS 6
1,,,
1,,,
2,LING 50,HIS 12,SPAN 114 or SPHS 115
2,,,
2,,,
3,SPAN 105/LIT 189C,SPAN 150,LIT 189A or LIT 189B
3,,Elective,
3,,,
4,Concentration 1,Concentration 3,
4,Concentration 2,Capstone*,
Planner: Spanish Studies B.A. Planner 3
1,SPHS 4/SPAN 4,SPHS 5/SPAN 5,SPHS 6/SPAN 6
1,LING 50,HIS 12,
1,,,
2,SPAN 105/LIT 189C,LIT 189A or LIT 189B,Elective
2,SPAN 114 or SPHS 115,Concentration 1,Concentration 3
2022-23,Technology and Information Management B.S.,https://catalog.ucsc.edu/en/2022-2023/General-Catalog/Academic-Units/Baskin-Engineering/Technology-and-Information-Management/Technology-and-Information-Management-BS
Planner: Technology and Information Management B.S. Planner 1
1,MATH 19A,MATH 19B,ECON 1
1,ECON 10A,CSE 20,CSE 30
1,,,STAT 7 & STAT 7L
2,TIM 50,ECON 2,ECON 100A
2,AM 10,"MATH 22
            or MATH 23A",TIM 170
2,,,CSE 12
3,CSE 13S,CSE 150,CSE 182
3,CSE 16,TIM 58,AM 20
3,,,
4,TIM 172A & TIM 172P,TIM 172B & TIM 172Q,TIM 175
4,ECON 113,BE elective,BE elective
Planner: Technology and Information Management B.S. Planner 2
1,TIM 50,TIM 58,TIM 170
1,ECON 100A,CSE 12,CSE 150
1,,,ECON 113
2,TIM 172A & TIM 172P,TIM 172B & TIM 172Q,TIM 175
2,BE elective,ECON elective,BE elective
2022-23,Theater Arts B.A.,https://catalog.ucsc.edu/en/2022-2023/General-Catalog/Academic-Units/Arts-Division/Performance-Play-and-Design/Theater-Arts-BA
Planner: Theater Arts B.A. Planner 1
1,THEA 20 or THEA 21,"THEA 61B
            (offered winter quarter only)","THEA 61C 
            (offered spring quarter only)"
1,,,THEA 10
1,,,
2,"THEA 61A
            (offered fall quarter only)",THEA lower-division elective [could be used to fulfill the Production Requirement – see info. below],THEA upper-division studio
2,"Lower-division practice-based THEA dance class
            (one of the following: THEA 30, THEA 31A, THEA 31B, THEA 31C, THEA 36, THEA 37, THEA 80Z)",,
2,,THEA upper-division elective 1 [could be used to fulfill the Production Requirement – see info. below],
2,THEA 50 (2-credit),THEA 50 (2-credit),THEA 50 (2-credit)
3,THEA upper-division studio,THEA upper-division History/Theory/Critical Studies,THEA 160 (offered spring quarter only; this is the prerequisite for THEA 185)
3,THEA UD History/Theory/Critical Studies,THEA upper-division elective 2 [could be used to fulfill the Production Requirement – see info. below],
3,,,
4,THEA 185 (offered fall quarter only; prerequisite is THEA 160),,
4,,,
Planner: Theater Arts B.A. Planner 2
1,"THEA 61A
            (offered fall quarter only)","THEA 61B
            (offered winter quarter only)","THEA 61C 
            (offered spring quarter only)"
1,THEA 20 or THEA 21,"Lower-division practice-based THEA dance class
            (one of the following: THEA 30, THEA 31A, THEA 31B, THEA 31C, THEA 36, THEA 37, THEA 80Z)",THEA 160 (offered spring quarter only; this is the prerequisite for THEA 185)
1,THEA 10,THEA lower-division elective [could be used to fulfill the Production Requirement – see info. below],THEA upper-division elective 1 [could be used to fulfill the Production Requirement – see info. below]
1,,THEA 50 (2-credit),THEA 50 (2-credit)
2,THEA 185 (offered fall quarter only; prerequisite is THEA 160),THEA upper-division History/Theory/Critical Studies,THEA upper-division History/Theory/Critical Studies
2,THEA upper-division studio,THEA upper-division studio,THEA upper-division elective 2 [could be used to fulfill the Production Requirement – see info. below]
